x,beta,a,theta,r,c_base,c_fix_b,c_test,beta_f,rho,J,share8,share12,share16,bottleneck_tester
0.9744203358441528,0.9473280020186052,2.857623557509247,2.672910935050658,7.198873345282856,1.2105573992781584,2.507406104145006,0.009199049531427885,0.962944001745783,1.0018673745430506,0.3394297199153764,0.0,0.9159739729508497,0.08402602704915024,0.0
0.9744729378694157,0.9497295515367122,3.6929271724508803,8.698575061980272,4.945595994055172,1.409978542005162,5.955596486551242,0.012632619505723402,0.9642355501027429,0.9888319785084263,0.12590268678116792,0.06308214052023632,0.9369178594797637,0.0,1.0
0.9863811864231138,0.9427618413497565,3.7902481962692685,5.5425004556772075,6.46467554010468,1.5901218884347244,3.3688980060611637,0.008266890758985119,0.9250304394073606,0.8534912429141659,0.261703154632705,0.41273896724831194,0.0,0.5872610327516881,1.0
0.9562397215026277,0.9714921175174016,5.7761980886119275,3.4292090651356215,5.726584063446198,1.2703556656447699,6.553077731404798,0.011789842651838361,0.9204266754642947,0.8432911873590082,0.13771431342391913,0.14694639369189658,0.8530536063081035,0.0,1.0
0.9517073230474914,0.9417490033764507,5.11610932497755,3.966433716978001,3.7970426974256597,1.2565903315267817,7.69173682653027,0.012147754875828804,0.9782176493238983,1.1640166973995814,0.056868042264262064,0.0,0.8120141064783769,0.18798589352162315,0.0
0.9775427200189103,0.9059235871095694,3.5304859908500044,2.7932467341507596,6.855193287131975,1.6883735046206358,3.70405203176483,0.012751173661268357,0.94645988510197,0.7915239526845463,0.2574881626607233,0.40837242170641774,0.0,0.5916275782935823,1.0
0.9727703308242421,0.9343385074981252,5.024274734660864,4.560540591961016,3.0756238142349024,1.1973048727113627,1.6907823017803014,0.015117164588507762,0.9658725263144126,1.140512450673393,0.07227117706909476,0.17125577673050937,0.3572264255743988,0.4715177976950918,0.0
0.9875376222519927,0.9435518611665236,3.2591143608583177,4.487040539351138,4.100019071963144,1.0805566342290267,3.8780368782579306,0.01246297850157856,0.917001079061306,0.8298960031587637,0.15806234050685672,0.4079892650019614,0.0,0.5920107349980386,1.0
0.9810218487830644,0.9370680742565092,3.407271078375272,6.316390863611812,6.300722202375271,1.0344294822919264,2.54104021641428,0.011642473383910659,0.9337679761399971,0.9382748298117916,0.18687399335605895,0.5514285703875681,0.29043389975175354,0.1581375298606783,1.0
0.9715974135465911,0.9454064278416618,7.204141001582972,2.330985229345262,5.006560378349687,1.2134100560634429,6.159070110146337,0.010526019951165092,0.9127317858394871,0.9303676109266448,0.13307826937193581,0.6019493207564046,0.0,0.39805067924359544,1.0
0.9629641470512842,0.9077937673168007,2.4485413513294834,7.801303284759085,5.109837578232298,1.677528030010937,4.680808856817865,0.008590413932359769,0.9881441574369273,1.1438965717370826,0.1319837117947462,0.6956556692536578,0.3043443307463422,0.0,1.0
0.9837746744346934,0.9689810061622532,5.539884022362404,2.7302022976722844,5.222342152417037,1.0662340053359323,4.134563313678891,0.008712241220917469,0.9303170120461748,1.3233419117893641,0.21462664747124394,0.0,0.0,1.0,0.0
0.9837459378170224,0.9377572237661659,3.7207253015225783,6.015336940703898,3.7560771978275964,1.4360910167758565,4.509990599085453,0.014286329902588428,0.9088761390600847,1.2747465022834896,0.08081829512187635,0.016597246970624455,0.0,0.9834027530293756,1.0
0.9598801784534198,0.9514148597836734,1.3194827576879418,4.158081473092159,7.847739081891101,1.9458921067802564,2.3397341777162395,0.010264615691525118,0.9204571499552229,1.2366101324974024,0.1792281768180623,0.45461683440062256,0.3377360069438971,0.20764715865548042,1.0
0.9777967306474064,0.9630857185662938,2.9780278927057107,2.685064681972231,6.4208148682301704,1.5284652121163573,4.915539797677035,0.01620103390658628,0.9492349206475468,0.6433306556206793,0.3478091770615999,0.0,0.21324315839046623,0.7867568416095337,0.0
0.9790414742985137,0.9348801337050655,5.427802650541889,4.871462458834587,4.216937901322343,0.9372279484699121,3.7481502093750763,0.014752573568974837,0.9587172102181183,1.1639513456940733,0.13136690827402417,0.0,0.40520775948663856,0.5947922405133613,0.0
0.9769906618260172,0.9780516192555551,5.248794591023032,7.2667273999451565,3.4978590352518344,1.5555040538051124,3.8528133420691058,0.015140105998293527,0.9591897527906423,1.1668168345487002,0.08317207433807713,0.0,1.0,0.0,1.0
0.9746193838133184,0.9063497867992715,5.083663319405464,2.3948911338356225,6.6152623871618665,1.6743390390349746,3.33444341971888,0.013971688635534062,0.936474890394177,0.8706396278471875,0.21151051313639746,0.6465811819625447,0.1646064588005061,0.18881235923694925,1.0
0.9740056845704819,0.9012807110127502,0.7536222082946047,2.8644935478297464,4.811800075057142,1.6810402949003036,7.099324169961716,0.010735806423798424,0.9484743568985005,0.909970769998385,0.12968554613737784,0.6390176546362296,0.0,0.3609823453637704,1.0
0.9851458377651571,0.9340614670622296,6.440989292207597,2.4408856767022487,7.33367362751683,1.0175439346168549,7.041924186798408,0.010643256527634093,0.9022593312587417,0.9244219343008528,0.33060007255498547,0.0,0.08986872869907264,0.9101312713009273,0.0
0.9712835053700603,0.9103940155516493,2.7244874551019094,3.894981838111426,5.006006981615666,1.165945045622325,2.76594198006312,0.011585009998750867,0.9730809462293212,1.040732937926524,0.17478621202108954,0.7218616532458133,0.0,0.2781383467541867,1.0
0.9789776106113841,0.9407769622145745,2.6875261839791564,4.663338536833069,3.063713397122389,1.1560263525982708,4.245344307581393,0.012417341280412003,0.9492790892199796,0.9373935539779041,0.07363391919060681,0.5394299298666341,0.0,0.46057007013336587,1.0
0.9749344542306237,0.95135842685972,4.382241968053513,3.010891470139354,4.411134057156076,0.6914107666518252,3.449212593859418,0.011874096553305059,0.963143733211757,0.732207318270573,0.17698599538493445,0.0,0.3684223493390608,0.6315776506609391,0.0
0.9627607395254888,0.9419368862687706,2.160195750795058,5.626250782326656,5.246031506199927,1.1049600477450212,5.097143005974754,0.007526536709927796,0.9554258693206709,1.0967154396109324,0.10929553216595389,0.13978171261661415,0.8602182873833858,0.0,1.0
0.9696155001467522,0.9814767798572774,3.9773258569425227,8.225879184474412,6.723829512626371,1.4586336548143115,5.377446292496795,0.012023948175633629,0.9614821462003675,0.9747339423893924,0.19901721648374834,0.6426406172852724,0.3573593827147275,0.0,1.0
0.9786646627329213,0.9507817982686293,3.416003651061896,3.1683872733662817,4.572385886192253,1.4780041692979813,5.604678573819487,0.012107658090586788,0.9475679379320161,0.8567165504212948,0.1865274337360927,0.0,0.3431706235950456,0.6568293764049544,0.0
0.9625720892272566,0.9346207367246451,3.16584747490589,2.9295126356827477,5.050788709943179,1.7328462217282576,4.807813546799547,0.013098224676496403,0.9637762274845681,1.0937939100005158,0.1545642661337572,0.016411781059674665,0.9835882189403254,0.0,1.0
0.952560900389413,0.9451002898960251,3.823731722841642,2.980747772008608,5.876788886778392,1.5818774985332416,3.027519176854107,0.012568563968028714,0.9552155656849989,0.7657947198523989,0.15381699322923503,0.4407634561628082,0.5592365438371918,0.0,1.0
0.9749709104696543,0.975450932614237,1.6107048121187686,1.6798614998324206,4.766231141144033,1.5080756817739203,6.987692999157099,0.01145339444422245,0.9530144701841037,0.7350524145742474,0.219087358243763,0.0,0.04790445789699531,0.9520955421030047,0.0
0.9703344977159551,0.9417324900285903,1.5638514413790834,6.214012117283933,6.501466912721626,1.4490086523447858,2.722164072946948,0.016101232830891987,0.9576990659969854,0.8886674620978744,0.18995686353351587,0.5056671987276843,0.24697080426407286,0.2473619970082427,1.0
0.9631402790938967,0.9181947533892008,3.554601433738828,3.5577615704058925,6.497879633649041,1.634963273858018,2.608011918730071,0.01559977800357548,0.9481128479737737,1.1382423342115522,0.14939226034200892,0.49613073664931623,0.3544808285673368,0.1493884347833469,1.0
0.9583165068329507,0.9601718079682323,5.397931737179852,2.248972443652036,6.667509009426922,1.1048100187550087,4.374219529280687,0.01258599787171846,0.9303183000393026,0.6829939724607847,0.21534325419696868,0.39695967481714073,0.6030403251828593,0.0,1.0
0.9845924847299171,0.9330403586638187,2.6061406099055593,2.3451653971293767,4.393260844533692,1.0841444557845534,3.0967398074850347,0.00784108166238671,0.9416079385052354,0.8565827711051234,0.2132610178271066,0.0,0.3050214233415888,0.6949785766584111,0.0
0.9843315490544966,0.9355532466856937,4.521019648863733,2.507657412428752,6.595335612661929,1.3580897632448883,6.234110283019945,0.012385155580229883,0.9371283149746282,0.926911762199063,0.3101769034757319,0.0,0.06344697889095406,0.9365530211090459,0.0
0.9635244820351938,0.9610345031970291,7.36853378449193,3.3847868811443202,5.61576213772246,1.456266891807771,5.476547599888469,0.015381207244972014,0.9146627797601772,0.8250467659694187,0.12735472547120902,0.42218455139726324,0.0,0.5778154486027368,1.0
0.969012942184601,0.9665579154356024,5.36660796424125,2.1337447082146204,4.288110201887729,1.1792773505140215,5.519972619245056,0.01235891741788132,0.922637074840231,0.7727567016411518,0.13714831740503478,0.0,0.0,1.0,0.0
0.970273051148622,0.947450480697386,6.48575088897554,4.39016463329175,5.244447113586144,0.8473654816600974,1.9882252842841655,0.011647734201526441,0.9256263175146412,0.8451291426552154,0.12290968301713188,0.40171926842119243,0.4292993026903683,0.16898142888843923,1.0
0.9642513098422444,0.9436817562334658,6.167764075527035,2.8074303997709746,5.505996066396008,1.4757956134258496,4.470919496859561,0.009135912056872043,0.9277964197890202,0.8828321312715761,0.13174254278186034,0.5605168848063936,0.1491182354908049,0.29036487970280145,1.0
0.9696940128755454,0.9607835417341888,2.8134121500226676,5.6069875325644984,4.697697839314923,1.7972567009058202,5.862798056121118,0.012257092711067308,0.9360782015688729,0.8747437309946131,0.10682456186682997,0.5470671924143623,0.226673051107597,0.2262597564780406,1.0
0.9601020454890787,0.9766249620879589,3.1180948677826423,4.470041943805868,7.577848631088695,1.4932223213987357,4.65239534319706,0.011545588910137617,0.9124357443364371,0.8946642940642827,0.23181687491509673,0.5932335418612268,0.2630997725163404,0.14366668562243276,1.0
0.9725516173405517,0.9415836809994236,4.90155223417284,2.91417039218167,5.3996720565051755,1.7670935179805762,4.276254619115137,0.013115737065556531,0.9041422084857021,1.2963598838705674,0.13690995948623033,0.7329241035963994,0.048547835925074986,0.21852806047852555,1.0
0.9755147995254165,0.9306818384665239,4.633122075226314,4.437530849467949,4.653556460219228,1.6479246659910989,7.30429424235723,0.010490923273828417,0.9427471287272048,0.9034462821595834,0.10802802566968885,0.1341538514496866,0.0,0.8658461485503134,1.0
0.9801174490851021,0.9315749677110658,5.802967957871129,7.073175247644822,4.662069200791715,1.6031431448271745,4.188430550758156,0.015186831415484487,0.9398160560886442,1.132081708863003,0.0961609325425643,0.5626612553173863,0.32895448768888724,0.10838425699372647,1.0
0.977459584040706,0.9252352770935612,3.6454671286465707,4.150766605090651,5.959572940181306,1.2841989094735764,5.091760411774759,0.00977813983423755,0.9371350115025939,1.2890110466293463,0.17273086544763472,0.27610483223634075,0.0,0.7238951677636594,1.0
0.9667064403191552,0.9547170982384628,2.0198038463262558,2.1922375232645144,6.608092668196917,1.4641397994098797,3.4290594682880178,0.01491228613099825,0.9070665632778883,0.9357371060939708,0.24565990445444397,0.6358189276654869,0.0,0.3641810723345132,1.0
0.9869775927695994,0.9097947522316251,7.060734000974435,5.359792936032583,4.656744941680003,1.4213541802333933,5.225488794757407,0.013426967962397519,0.8916984978155078,1.0032161762755314,0.0904083697080098,0.43815903868635475,0.1356715854488767,0.42616937586476866,1.0
0.964918047839966,0.9660194192180913,2.620812781375401,6.440251066293961,5.572238679866571,1.2269672852013183,5.01623359009864,0.012646215227703051,0.9506715039874664,1.0658912612161777,0.14763420396826016,0.41716657493944886,0.0,0.5828334250605511,1.0
0.9693596735829091,0.9588555414523723,4.143826267849947,7.533105871059112,5.696765129943939,1.180734401899121,4.286360929506813,0.012415099812255467,0.9541576631078321,0.7470782450911505,0.14472564982623612,0.3979338779737715,0.0,0.6020661220262286,1.0
0.9592064589275703,0.9510755242762375,2.0531346012045484,2.5423606450639564,5.3715244693485005,1.853771363640718,4.6097025433921335,0.014920179989538722,0.9614740219085043,0.8483401302552267,0.19461508890582466,0.7895576630257716,0.02230453216158447,0.18813780481264392,1.0
0.9751966985330301,0.9291655157160924,5.217831736172426,6.004157047026728,4.840421836976203,0.9156375358105174,7.046525131577922,0.009652894786887361,0.9773193456565211,1.1634756645914182,0.14884674843303186,0.0,0.0,1.0,0.0
0.9714331179271908,0.9790297427874922,6.855792803728841,6.491299610011621,4.91252463881009,1.6037822271044662,1.5839580892256557,0.012186333560938498,0.9360753045111803,1.0382422810077183,0.14645711361010652,0.0,0.49716455330702986,0.5028354466929701,0.0
0.9510222501458312,0.9639914600788705,1.8044215607645784,4.133106161178663,5.776780101463773,1.5610866727272668,6.849506671725597,0.01157780926543867,0.9548274435230181,0.7925759501556734,0.14467708438502092,0.5175365742031325,0.3418878338899614,0.1405755919069061,1.0
0.9627729150372983,0.8804209966814738,3.480473643354271,3.8935526530522786,7.147253191572019,0.7215274932882381,4.012969297718393,0.011708413140648884,0.9745943132346152,1.1595422642591464,0.18836431984078741,0.49404326607714644,0.5059567339228535,0.0,1.0
0.9694685831608598,0.9428986088795572,3.985755162023846,1.620027568140862,6.2116820352127675,1.1044446589606327,2.7564552912178124,0.012334048735295037,0.8956643228454174,1.09350848356836,0.2292993845881445,0.6185612449006667,0.37745827938148496,0.0039804757178484584,1.0
0.9720319052538308,0.9331687243063078,4.810424950147721,4.255741633741112,6.175241273404355,1.3774149169086352,2.6345712725648323,0.012019230429872414,0.9738134341584297,0.7020176889357979,0.2473236093903447,0.2120322704191831,0.787967729580817,0.0,1.0
0.9735389473293922,0.9617490787151822,3.624848412743092,4.1567713455790525,7.2654203561426645,0.8020564702862012,4.425646919847388,0.01148116756277067,0.9511833538426968,0.9484554746846001,0.3193405966280756,0.0,0.20498432337827935,0.7950156766217206,0.0
0.9657759633171751,0.926523432606406,4.027226618772789,2.336118374330192,5.884980207702773,1.6677268487699934,5.075527105543972,0.013601196755508924,0.953394421189612,0.8271685187665739,0.18919950682176054,0.42860074968055506,0.0,0.5713992503194449,1.0
0.9801883382991452,0.8732821210900791,5.405944399014196,2.295431136983434,3.982672033619486,1.557390690186635,5.852524153639001,0.012290279921350686,0.9450337576981119,0.9812334368610944,0.09687785239436887,0.7391836668951263,0.0,0.26081633310487373,1.0
0.976087557786659,0.9776419909675648,5.305018438212755,5.0659465622810975,5.68493789661,0.6984458293347963,6.681882072565562,0.014079904025204506,0.9206704860987089,0.808086177509716,0.2111933527229259,0.0,1.0,0.0,1.0
0.9707223825663545,0.9114020123364427,2.8558346875570724,1.331518037617648,6.602838806023647,1.421673283838728,4.1335628967659375,0.009663406222783794,0.9479644234346213,0.6857770576052677,0.3114924314349639,0.6515845090146022,0.0,0.3484154909853978,1.0
0.9540272011243848,0.9409669748075058,4.3887326912182925,3.228181864773079,5.748129753321457,1.3535177545525896,4.290909080192826,0.010695719445282404,0.9557031647175455,0.7652761384666535,0.13195971428254855,0.4165515569408981,0.028500335205760008,0.5549481078533418,1.0
0.9755671469565039,0.955900163041454,1.3152231438853972,7.048924739594579,3.650401887780097,0.6676672445007329,6.610208521147545,0.014374262138103524,0.9443457325142041,0.9869138980240768,0.0777266948404248,0.44628081278943105,0.0,0.5537191872105689,1.0
0.9709441269410496,0.923017771214466,1.66257659791396,1.6127136871700178,4.802132568501868,1.6139839585364866,4.941253353243177,0.01410194818086104,0.9703759027814945,0.7454344234061947,0.21752408946003798,0.0,0.9432221672527583,0.05677783274724167,0.0
0.9677064747424606,0.9520696925042962,4.287906307856652,2.7856736322884217,6.154118459573693,1.3609155228743892,5.547230691351335,0.013535011901952249,0.9356467094921946,1.225821078641139,0.1971046668480661,0.0,0.22816707575138004,0.77183292424862,0.0
0.963436664432109,0.932872722485569,1.9518988169362144,3.7142760856352917,4.681944049647365,1.2830415671412219,3.8792351584430853,0.012516061231366945,0.9581925994697081,1.0243966757172172,0.1195351999594894,0.2546950056487844,0.7453049943512156,0.0,1.0
0.9756438091156879,0.9635820703490104,0.9518087079773278,3.535957567725111,6.127732408737636,0.9433661716282176,4.038031737021827,0.009848220603187633,0.9615475180714899,1.0974097250280428,0.2969426841851747,0.4608639982550336,0.5391360017449663,0.0,0.0
0.9745502313787269,0.8922627614538016,3.257314706364533,3.90771738379461,5.796694263799958,1.096904768091517,4.298919276100774,0.010774439909200823,0.9552577388021173,0.9305015284511953,0.15272734808429048,0.542570381771649,0.007038264532559397,0.45039135369579164,1.0
0.9513241849457482,0.9595920020455248,5.560049574969023,3.28873856013176,6.114994019737699,1.1396772228140024,6.476846074740609,0.009714301530703658,0.9348053746063689,1.2535940752725636,0.12938084663214375,0.5525582564774573,0.44744174352254273,0.0,1.0
0.9807012033540593,0.9589364800074047,4.258132467840058,6.374669692480021,4.173028506584012,1.1559871157041899,5.957736252890962,0.013101743906411379,0.9065021895432943,1.0568010345523053,0.09230413789020454,0.6705769167682571,0.05628402497792268,0.2731390582538201,1.0
0.9737411568784674,0.9154270583888564,4.73161214939623,5.160598036530377,6.148654708501919,1.5543434490655763,3.854243490859466,0.008488886971788123,0.942399806311853,1.1268764862236047,0.12853038312520534,0.44981655359385925,0.1261307489975838,0.4240526974085569,1.0
0.9611238661244622,0.9537377524396315,5.683090654152023,3.51241610782756,4.115683683865563,1.2429863804081536,6.3545273222568825,0.013417456947360027,0.967511335650694,0.9046798079063169,0.09383958960688228,0.0,0.62125578099383,0.37874421900617,0.0
0.9842688989185442,0.930483994373927,3.516802000775015,7.816324061931054,5.314695138913299,1.6138148961331242,5.414171785751145,0.008986542298259313,0.9460496658031459,1.1334226412764103,0.14884735500608318,0.4510633337450349,0.0,0.5489366662549651,1.0
0.9772542740034351,0.9162707586175065,7.728014542524718,3.2395996926747026,7.452651105705133,1.8023343326531254,2.3559161265395074,0.012742727034140859,0.9290574877068897,1.1179333238839937,0.21758064910261934,0.6448142366248163,0.0,0.35518576337518365,1.0
0.9699815899674415,0.9731695626223691,1.8511367428424064,5.027786499878941,6.18883450401461,0.7284697982180862,2.2834396733082807,0.01367220323266929,0.9293022203785712,0.9031516938496329,0.24240598892607368,0.38019592113055206,0.6198040788694479,0.0,1.0
0.9588936787609691,0.9676141441363366,3.4886817680603555,2.4857569095486234,6.514198652499211,1.3234464329075062,6.424448113917743,0.011717579849575707,0.8990308648614783,1.0433092433216902,0.18883030641761525,0.5572537634413138,0.0,0.4427462365586861,1.0
0.9761040122236083,0.91261679034252,2.887595379156427,2.0811583647594283,5.379421899348053,1.714515782862549,6.091694532694408,0.013204009378352026,0.9713226712903384,1.019316416200549,0.23406618897002826,0.0,0.0,1.0,0.0
0.9739413724062812,0.9316213391922207,1.7066630955999973,2.9020112200505928,4.178460317695788,1.6034899693649753,1.8024703463695775,0.012277825909920277,0.9295108997479598,1.1197584800844718,0.12492334453172739,0.5186521620585104,0.0,0.4813478379414896,1.0
0.9663263578511466,0.9404845658956568,1.4384615252575874,3.403433863311391,7.922061941362411,1.5408183855140098,4.591120938393729,0.013602681574938096,0.9608800603991058,0.7330419899832281,0.3272333292618204,0.6602351028793145,0.18606449265834454,0.15370040446234087,1.0
0.9841241736234132,0.9429494377103406,3.3094754905788886,5.510775836619828,4.856110936077636,1.6974609343205556,5.6797503919919645,0.0127561452037485,0.9117952881423315,1.2838356576812089,0.13423195025808166,0.0,0.8469447088030148,0.15305529119698535,1.0
0.9632545233901378,0.9668542363634578,1.1532165453316432,2.494958250755592,4.23699420697997,0.9969764781508137,3.811616688541774,0.013187731203923614,0.9276352460780899,1.2462522259433129,0.13934269903526655,0.16205281206396843,0.8379471879360315,0.0,0.0
0.9785395199064962,0.9595960896747671,2.452453346257167,5.2050648343724175,5.404353882411375,0.9333075613122324,3.7238213688983834,0.012170290017860186,0.9394600762273992,0.8011780714179595,0.21385720520831064,0.2361663269442471,0.0,0.7638336730557529,1.0
0.9645699210971316,0.9557673974885694,4.450300526499048,3.347055832195325,3.8542425036565775,0.7997825034954567,4.281818817066242,0.011920625621337999,0.9142563094960326,1.0033441102520404,0.07504172001085574,0.5757467668618059,0.0,0.4242532331381942,1.0
0.967024116934642,0.9118317213647807,4.92182765354913,4.377787726328208,5.302014193601506,1.3649506128077378,3.749407538058612,0.008076482656998037,0.9737863470967316,0.9552279069113132,0.14508316456597192,0.6658532136923626,0.18623438812187665,0.14791239818576074,1.0
0.9835469610407649,0.8995808943511506,2.910237470130664,1.9537962483161977,5.247439928517026,1.7029387391061412,5.089565479828762,0.011850705378438253,0.9417790442481209,1.1527530508932156,0.2474042971122415,0.0,0.17072794054035897,0.8292720594596411,0.0
0.9812641948679139,0.9516566959399266,2.1857239435159235,4.438949606610859,5.26160056849985,0.760681853416405,2.832318518272478,0.011080690538087686,0.9374384448500543,0.9339478824349681,0.23090108452421254,0.3606865740926089,0.0,0.639313425907391,1.0
0.9658220097473931,0.9481397559003382,2.6823447865063748,6.592974390228469,4.919264989171036,1.5053837794357756,7.2982178143394245,0.01243766584876111,0.9587657736907844,1.068533086146961,0.09684491682299183,0.5572036213548492,0.18977952712827467,0.25301685151687603,1.0
0.9601571803095712,0.9445310585198808,3.6432909273169747,3.4247748114975165,4.315987932533303,1.7432766483021223,3.8960338280491875,0.011208841816015499,0.9569175418675389,1.0658889773307636,0.10223139233082926,0.12108036980664691,0.8789196301933531,0.0,1.0
0.9688845169366014,0.9469563911858101,4.050704265713957,2.8603104699110955,4.570092785561925,1.4149480729588462,3.3471775456543567,0.015836183596750954,0.9234518458676435,0.8633647527229982,0.12238183547924393,0.5026757621980759,0.0,0.4973242378019242,1.0
0.956096497866564,0.9478531700308954,2.7584375795806495,3.5948926609058542,7.002756610230987,1.6082781816157672,3.588379734603844,0.009468543150652983,0.9506018627312942,0.9018812131125278,0.19059679044588518,0.38697959168801904,0.613020408311981,0.0,1.0
0.9850201075967149,0.9569888618915278,6.652541108478056,6.491552699450073,4.704267150399067,1.1568451205734955,5.353580068037328,0.011161511228481889,0.9351675584466874,0.8480857797489322,0.16007600024056004,0.0,0.0,1.0,1.0
0.9657884709728195,0.9425967127214245,1.1224021401205126,3.920360706509004,5.940964022595441,0.8883521046241695,5.630141021792191,0.007508991473756194,0.9426868944960803,1.2315953446842727,0.15997328777426664,0.34392776429831945,0.0,0.6560722357016805,1.0
0.9625529225253314,0.9702564590707976,5.794548767387755,4.262339918379312,4.412288832596228,1.835487171224253,3.805104044758337,0.012792256649284975,0.9689785205547038,0.7465284031263697,0.12326686388317096,0.0,0.9279816813267139,0.07201831867328613,0.0
0.9669276505632655,0.9339681465643782,4.6720437397250745,8.002544349500955,6.859143253974359,1.01244235112005,6.301471767246247,0.009964698193230322,0.9703594067524548,1.3663655122739171,0.1554209759699035,0.599428069336546,0.0,0.4005719306634541,1.0
0.9588600653614339,0.9819127767764417,3.7258941686335136,4.3534508309529985,7.040003919858568,1.6657767272219026,4.3862233890654805,0.010104926716315618,0.9028847822828961,0.7974806902194168,0.21645166593016602,0.6091703376804044,0.07552403774462298,0.3153056245749726,1.0
0.9724556509019805,0.9733930416972124,2.6919695675469204,5.821674891689595,3.338167624029386,1.4902146487531367,5.256431241130834,0.008762446194931012,0.9036891457136885,0.8713549743064769,0.06049834115322151,0.6049830070861698,0.04547743171566181,0.34953956119816837,1.0
0.9745360129323497,0.9264964331806023,3.587507929532979,4.150068715775218,3.7598472276222683,1.3328069756002199,5.825011755797888,0.013280323131137615,0.9316531233235695,1.129041129270976,0.06652340139322577,0.5528261962334292,0.0,0.4471738037665709,1.0
0.9721746137079661,0.9376838567700625,1.0425714677986786,3.5739062093223755,3.7984980407745734,1.9336128427908688,6.734013654371102,0.00885767524288173,0.9721708861803977,0.6872718112882904,0.12211854659539619,0.1642996497132919,0.0,0.8357003502867082,1.0
0.9626071597016091,0.9527687278689123,4.9394620271835326,8.831666550259886,5.695268404229562,1.2940673197679726,7.5816540489397966,0.01137309740831011,0.9649835528000357,1.2068858488091279,0.1029559960491406,0.5116962967612679,0.0,0.488303703238732,1.0
0.961669262037561,0.9461369438163518,4.321916467101206,4.612599571861043,5.720309555286185,1.2222567623142933,3.0910772129696062,0.012189898579021443,0.9412522868378446,1.0700655464527102,0.11998836890223842,0.4590892153205885,0.1716986074231171,0.36921217725629435,1.0
0.9585623856156451,0.9706212014513387,4.683519612052068,2.4252029672283846,6.309489057440892,1.2930075016906386,5.605905171905388,0.014589155976067454,0.8822555964803871,0.8223951196498057,0.1728308743478362,0.5971730617773765,0.04836539762855896,0.3544615405940645,1.0
0.9533819110258647,0.9443719550112829,2.3032641556505804,3.361593571249003,3.780753719855129,1.803506211981246,6.28331433530047,0.014897354828086113,0.9475211849846477,0.9213354336467106,0.05141197246291208,0.42891731765948715,0.195309047758603,0.3757736345819098,1.0
0.9648902789129867,0.977105870020126,6.471424320904088,5.44967902879154,6.207534920760734,1.1914489756840112,4.1937366076158185,0.00973146121906539,0.9301167015867343,1.0865776633602036,0.17701135906006457,0.2234032234026355,0.12191395340609007,0.6546828231912745,0.0
0.9677211435714564,0.962463165594739,2.1250691881409716,6.125322504368167,5.966426445338708,1.415573980849604,4.427120957675322,0.01444533614270427,0.9265372212251424,1.2688813674974806,0.14434398522304379,0.6011120153989359,0.36824499122596255,0.030642993375101495,1.0
0.9443780284130663,0.9705824455508292,6.768375968315963,2.453166057262562,7.919875754400901,1.3475737811621762,3.437936208193452,0.012552537431741449,0.9143094366087832,1.2157463265967883,0.1873724873833025,0.2018224525100362,0.7413950571854059,0.056782490304557835,0.0
0.9663377751613413,0.9532996361378068,3.0226984996804642,4.579664035064299,4.895414349295625,1.1263724459760573,4.545149095920701,0.011986367882040912,0.900767499460122,1.3135556985026235,0.08533417845037944,0.47227831145599847,0.32124426321719285,0.2064774253268087,1.0
0.9642252559847816,0.9589901159205989,6.148843592750619,3.7035255936491955,5.035029942592905,1.4185788432119102,3.3283503621120936,0.009701135993453019,0.9200343027845276,1.238455269719317,0.11428139506587014,0.41245618273386603,0.587543817266134,0.0,1.0
0.9670637548309831,0.9230062540635364,1.9125568865838838,3.5024245303809796,4.9489478565142635,1.6464777750483555,4.497554333823622,0.012844328971880845,0.9511060896702369,0.8485124178635182,0.1212435410307393,0.5137212546906272,0.0008483767316909164,0.48543036857768185,1.0
0.9750664781319156,0.9758243026098207,4.21420790004896,4.334977643697184,4.297049135351244,1.6078669049483651,3.036420859271102,0.013260438065508834,0.9384677784365731,1.2176809277057024,0.13184695569493093,0.0,0.5388605239387317,0.4611394760612683,0.0
0.9660766028580636,0.9429070266916164,1.1872528112990608,1.780274072979764,6.483576822829734,1.7972466606950053,5.148909123358612,0.013567354107776475,0.9329203094015731,1.1490376257885246,0.27069082138325556,0.5729474193213785,0.2999208072638643,0.1271317734147572,1.0
0.9793800521422399,0.8820210789183135,1.520372772064076,2.637117815957211,4.385395456148219,1.3886416477412729,5.872267068562275,0.010655986437862126,0.9317268633253099,0.8992196183930521,0.1118966603507944,0.0,0.9604531812472838,0.03954681875271628,1.0
0.962528521086444,0.9365532806816603,7.374957013949515,3.0163767939219115,5.8229892931029905,1.6622135682471124,5.087359467630661,0.014337474497973655,0.9560296023109657,0.7498002713699353,0.15020988152602344,0.2785503229206644,0.7214496770793356,0.0,1.0
0.9617733788787999,0.9354964593701776,1.1604992628585238,1.4124355801508293,4.3091354980331396,1.365902759938544,4.260488686271696,0.013716528596059586,0.943703620184696,1.1616391922850313,0.1432323861121989,0.19373622578967017,0.8062637742103298,0.0,0.0
0.9787812462181069,0.9364256851507509,0.8886184353721936,7.881576236690009,4.773371628358396,1.8300055659940724,4.819180066408972,0.013480443705854848,0.952865308938365,0.9094068978858842,0.11839618110350687,0.5397124022862371,0.017128813972917076,0.44315878374084583,1.0
0.9714313291433634,0.9309014964234498,6.986556907093376,1.98312551337715,5.0941995582374355,1.6521580721216622,3.8886886797715148,0.013601512493515993,0.9752799560187612,0.9087579209021115,0.18800977380288922,0.0,0.0,1.0,0.0
0.9791146643548165,0.9785561537970542,3.862176566113723,2.7471384092457756,4.951235566221422,0.9563552217726068,3.716195133212852,0.011965500690820537,0.8946447690729445,0.9244692519984623,0.2084993419273988,0.0,0.3003631146993454,0.6996368853006546,0.0
0.9820018332096165,0.9140377204716748,4.102268289759745,6.486713376810126,4.815328389794145,1.2085932088444227,5.8737707120523375,0.014349608209158834,0.9788771319895502,0.780748093153935,0.1614297040014477,0.0,1.0,0.0,1.0
0.9600207753151285,0.9722144309086467,2.195549072293699,3.426838410271113,7.271041391039182,1.8468462090251163,3.672167605841988,0.013094604806630383,0.9386561738211807,0.9881161725073249,0.28369624527006415,0.6155755949480268,0.0,0.3844244050519733,1.0
0.9823355211760922,0.9272740893779302,4.584547182325972,4.052114839832669,4.70684272264698,1.5200275627635031,5.893974457920615,0.013803571023751305,0.9326718379046846,0.9524749013916471,0.13999864122498754,0.0,0.9578966252349014,0.042103374765098546,1.0
0.9800245416445093,0.9468325619243438,3.7275075348807354,6.368941996346427,4.896126295941966,1.720046676248833,4.631646790730284,0.012746650537581242,0.8985626778662205,1.095996084183141,0.09961923501972333,0.2625749223223194,0.0,0.7374250776776806,1.0
0.9693118888181148,0.9165352567180647,4.2423403452862,1.892939238415074,7.504140230790742,1.5081706819415288,4.128999006473878,0.013483487364800218,0.9771719266071002,0.9226973890246073,0.3121957966505443,0.0,0.6993953461782754,0.3006046538217246,0.0
0.976269559732428,0.9433997274420115,4.406335201446212,2.71999234629479,7.508580687013797,1.1048714076793422,3.0673906752695004,0.009829626399503646,0.9433113220717146,1.2711010034700807,0.32840448045355425,0.0,0.0,1.0,0.0
0.9581091618888189,0.9612914522266249,3.653576272970076,5.231755133905923,5.541252847331573,1.457581657984583,4.819059181130187,0.011170879028674618,0.9627692352809158,1.008777648561039,0.14531498214319086,0.5128425871385579,0.48715741286144215,0.0,1.0
0.9747413243636994,0.9479296435443417,2.671830090552999,5.071767506490175,3.9206083240066203,0.9482428521193238,2.699297057671374,0.010907556797639025,0.9119192959862429,1.0498209267911318,0.08076485212580509,0.3743835922650565,0.0,0.6256164077349434,1.0
0.9652721025329477,0.9230719281856739,1.819014888567265,3.7689268708170562,4.362914888365248,1.476346487210331,5.2593990987320325,0.012788468776560896,0.98930563143997,0.9780580968107089,0.14187432700652763,0.0,0.8188340644710053,0.18116593552899465,0.0
0.964739695486005,0.8881133331740138,2.747711839305618,4.118933868509811,3.7321971225758594,1.233865626839855,1.4845557442651878,0.00961280227593379,0.9602180678118181,1.2797154863084026,0.0615301644902183,0.4623735823767975,0.4360611764091751,0.10156524121402737,1.0
0.9651363221679361,0.9303714694458138,4.44864347360047,3.9324401463412864,6.450282939217078,1.3561829640383698,2.423176142214462,0.008242189712624541,0.9561336711322003,0.8647670264479502,0.1773445784313663,0.3138046418579665,0.6861953581420334,0.0,1.0
0.9751374130783688,0.9178024372352142,5.3362502204318165,1.8654417374174876,5.946881303224446,1.405278913972344,7.499505577432414,0.009262923318160586,0.961440228281798,1.0846243476383581,0.25565968191315497,0.0,0.0,1.0,0.0
0.9592908312127449,0.9879692404557522,3.3084430849894346,3.593780330007858,6.341967665196658,1.3115447338717683,7.615244578733605,0.013650609382893461,0.9176936277873694,1.1248293015885666,0.19580254702859426,0.0,0.6945209607310516,0.3054790392689485,0.0
0.9831783428510544,0.9541411975903793,6.197431963334813,9.311982715053237,6.587808035891252,0.9362708481215716,6.188627723874339,0.010533250924701924,0.9527803180350505,1.1380700877705126,0.20027675224079686,0.0,1.0,0.0,1.0
0.9727327473045021,0.9456308200103034,3.480967917421421,4.840330276671013,4.639259442820098,1.2882497282254886,4.327731540026017,0.012719975253285897,0.9660125113918766,0.7494749081626351,0.1536701352601887,0.23235328071613254,0.7676467192838674,0.0,1.0
0.9653934325861899,0.9077548806327221,6.404206956884135,3.6953575808577046,7.1361777862203,1.2006667683295644,1.246151550835306,0.013639459049778542,0.9541820621390558,1.0719341148409685,0.16845922773202812,0.48143056391636047,0.29504737771977524,0.22352205836386435,1.0
0.9639387044521972,0.9446822479875427,2.932123037013231,2.067685510383626,5.357343564860061,1.0716160446688046,4.244419203307163,0.010254623376120025,0.920773552641296,1.1379645955591557,0.16453131629653997,0.7568652071347612,0.060517621419017786,0.18261717144622103,1.0
0.9605473585641435,0.937651958834965,3.8341488788826856,4.3058177015954096,4.854021630274628,1.5120593730482206,2.089048620685602,0.00923130838205083,0.9577924055048305,0.9350620526020991,0.1096703219100756,0.26929225165863113,0.730707748341369,0.0,1.0
0.9524618005937343,0.9607751749290382,3.272573422575139,1.110303069847923,7.2065748551750985,1.0508877468197124,5.237845244529554,0.009568200609220525,0.9489935004520642,0.7953320022356722,0.284448262595591,0.07262659706406381,0.9273734029359362,0.0,0.0
0.9808297739072259,0.9072407693187113,4.282947212743914,3.1279205875218423,4.9283250961566765,1.7313928549474966,3.0137935443843102,0.011451637715112458,0.9241561515481355,1.053267464188648,0.14024549726434846,0.6560627068404731,0.0,0.3439372931595269,1.0
0.9748800226072134,0.981569665296421,3.1929798576459447,2.5424502324762686,3.84159554062811,1.258026970835246,5.431674252205786,0.009263041873778594,0.9248468247342788,1.1818156696554682,0.12303063600498912,0.0,0.0,1.0,0.0
0.9530924259948045,0.9531321671630097,4.857757494979536,2.548105991640049,7.674580776068431,0.9629034459283499,4.608459461453201,0.007650950918004175,0.9489948988626161,0.9267556321644607,0.2397988682695449,0.36939813964421947,0.6306018603557806,0.0,1.0
0.9713731385616202,0.941800396033733,1.9060375495416515,3.9121205124164717,5.831704021157651,1.6759195986357898,2.457345813428206,0.009241262060510092,0.9555288396399275,0.9948204929967523,0.22083650272224692,0.7613193029430184,0.0,0.23868069705698167,1.0
0.9619098125660376,0.9751504970897873,2.747378393372865,2.58648775556769,4.664234529580628,0.8554899070254738,4.692163468175292,0.012527908024346172,0.9463733837772625,1.1026582118256902,0.1535627269360554,0.0,1.0,0.0,0.0
0.9703301015195379,0.9597899458232818,4.303544238517896,3.367045003572202,5.310434406257873,1.3742332921892582,5.514475750277342,0.01084409970761729,0.8928880680212732,1.1979233416319337,0.1349551311555482,0.49869470197933735,0.0,0.5013052980206627,1.0
0.9824726757200145,0.9303639716870827,1.6449461700892842,4.385171427387781,5.531994027978426,1.3901852343216416,7.260794495530318,0.01619013991465158,0.9721909328721641,0.7779772215083955,0.25802331445192794,0.0,1.0,0.0,1.0
0.9680924401081141,0.9076625275881728,2.7272266599605186,4.45132412125252,4.425473584314448,1.6205860581475555,4.629771407721982,0.011420019813124991,0.9480334849573647,1.1427269692989586,0.07177839958932324,0.3730628407706813,0.4640521161235681,0.16288504310575053,1.0
0.9596624662705854,0.9506320060753068,4.77918134775755,2.4662790063088176,5.906798888489564,1.5268453830066746,3.0034718510419567,0.015467293272584373,0.9408579669634454,1.1053728468343393,0.17721665675596127,0.3935878769019825,0.5544171947616825,0.05199492833633513,0.0
0.9536969279512392,0.969676625844686,5.6124087263350315,4.692503572798138,6.863872825259837,1.5589777455501057,4.205393572853193,0.0110112467791951,0.9332144235567534,1.0655080996067001,0.15779836745560927,0.06538377874427602,0.934616221255724,0.0,1.0
0.9657568176867188,0.9026878402052126,3.492357054290558,2.038321415438116,7.786432801238643,1.5349616747246277,2.509686271969498,0.015015993989072947,0.9677959432821613,0.9617120665553462,0.3286410582200853,0.35873651055373945,0.6234533039744516,0.017810185471808855,0.0
0.970662436480346,0.9183971783434987,6.991135096620981,2.236221466929292,3.9776349284747634,0.9475162291765914,5.899783547204787,0.008934301997231527,0.9438314227925779,0.9245982239978421,0.09027020387935782,0.6353607547097601,0.0,0.36463924529023983,1.0
0.9833121635348886,0.9025038688661853,2.5027549888406257,3.430796218019627,6.271489754150247,1.526232340425348,5.4536585627940655,0.010987842269110582,0.921095756864847,0.7338842208499385,0.1964552723636234,0.5026431751350464,0.09532788442568799,0.40202894043926557,1.0
0.9559182531343436,0.9536629926220276,3.9242572986221465,2.672539961793099,4.282088065227066,1.3361116364786418,4.155876664538039,0.012182970568337908,0.9769710578633988,0.823232377012128,0.1187979768253066,0.28691706900186215,0.7130829309981379,0.0,0.0
0.9596312161560518,0.9061258708380667,1.6964449158547548,2.684362427501662,5.829936094087948,1.6391537944701888,5.274841397149217,0.008420031832542203,0.9619364792790058,0.8804825808002167,0.15287430360212145,0.5310245346043007,0.23069286009252155,0.2382826053031779,1.0
0.9615708061919344,0.9419799468129058,4.230039871343474,4.87032159771063,4.608790391401334,1.625247173072985,1.730824518674635,0.008795439166985473,0.9683662576811073,0.928165844320693,0.11592213867545126,0.6330243524360951,0.0784656990500319,0.288509948513873,1.0
0.9526881612634083,0.9661351266980299,5.3873858089447495,3.5105965720178434,3.653424204406531,1.331560210088789,3.0287275849314717,0.012384180461752879,0.9607440591905672,0.9080645116367063,0.07311565271681932,0.6797162851102218,0.28788538528866414,0.03239832960111401,0.0
0.974274546221616,0.9549154943858578,7.348958242860995,6.293342922694598,4.895025355602307,1.403756996681673,4.445961026084372,0.0149104667578424,0.9394476439716994,0.9053814700475933,0.11174221299240265,0.582834854536228,0.08807687905708486,0.3290882664066872,1.0
0.9842969154983358,0.8806474669017861,4.2952161810774125,3.2022945832537015,6.339963079968106,1.7508908109439365,2.1703683473099478,0.016575267643477515,0.9158950021900172,1.1522138748558612,0.1829838624414606,0.6451092791580462,0.24929279240172578,0.10559792844022801,1.0
0.97065319158593,0.9722616914679018,3.8219932349657153,4.753654617205721,4.3719827437153,1.9051562221518055,6.29701609446687,0.011960981374160788,0.9244693445219575,0.9485296998151391,0.11315948504451318,0.46201733220705643,0.0,0.5379826677929435,1.0
0.976048480657902,0.9130699349016393,0.7251961871423035,4.896704793052454,6.885711981674746,1.5886301835512466,6.0606139491294675,0.014360582134177603,0.9762407122758349,0.899435781462419,0.2986283278413119,0.235232422310196,0.0,0.764767577689804,1.0
0.9814796723557748,0.9207918732227357,1.5571679692109237,3.36759505795255,4.168125288047006,0.9860615485977766,6.878836111286546,0.013773876358537012,0.9762587512128608,1.0253963511361983,0.16517163186420836,0.0,0.1510060832043772,0.8489939167956227,0.0
0.9769640267177981,0.9436387851693195,4.462545571839063,2.7110865587318456,3.858541726192584,1.6598851120847842,3.6879845649380485,0.01099197261987515,0.9747677391987853,0.7334469798234424,0.1399460555720895,0.0,0.18641267934110803,0.813587320658892,0.0
0.9815178318000322,0.8921771378438065,5.900031146936161,2.681626591117693,4.006269402164925,1.0552708483946422,3.157455517714199,0.013108963530159072,0.9534730633910157,1.071350646232365,0.13525939555737893,0.0,0.1268614842165794,0.8731385157834207,0.0
0.9694458102205982,0.9395166127449441,2.189108315790407,1.6806191807246864,4.307027894469828,1.1616019944567588,2.4168395535374896,0.014205085639477808,0.9244076524133343,0.90906918960331,0.15889457560158088,0.655071755134242,0.0,0.344928244865758,1.0
0.9663780268118302,0.9590934149182007,5.3048578135124185,3.948043351185535,5.3604387068461445,1.6840419494286807,4.410747353438399,0.014567448555709694,0.9376174378276942,0.7376561366077806,0.14495832179262744,0.557769678798885,0.37508478884301827,0.06714553235809671,1.0
0.9789760035229479,0.9485635483744472,3.5372720016366888,7.495737408479352,6.269900306574874,1.5082187113990841,4.949867429366049,0.00945236492752846,0.9558606682412811,0.8036932828385822,0.20880531002880637,0.11279439063831428,0.8872056093616857,0.0,1.0
0.9855795914002681,0.977076736868211,5.232045674649692,2.507099192320703,5.059017764374289,1.9062447454949152,4.266057947365054,0.016630488618495698,0.9475974976235124,1.1424019555012144,0.2162638341945238,0.0,0.0,1.0,0.0
0.9579543295609922,0.9668661917183868,6.147152860040382,2.09827826841608,4.970023230864933,1.2720314057961333,3.826677684413016,0.010716186351000509,0.9363197477285394,1.1750255600053703,0.11987735128682399,0.0,0.842672021040409,0.15732797895959097,0.0
0.9736656282194482,0.9413925826760288,3.6299291101850955,3.953051311296697,5.036325925735875,0.9714865978372735,4.822640446124173,0.013524207916587018,0.9729800096339077,1.2267119932127712,0.16759754289523549,0.0,0.4429951520923098,0.5570048479076902,0.0
0.9786549218903869,0.8582713617935004,5.297304495917289,3.3737236751875557,4.674355557176078,1.3587367582903247,5.271718433617396,0.009216048174935975,0.9649145484488748,0.7795898800946917,0.12545767586244938,0.3971431971698055,0.0,0.6028568028301945,1.0
0.9843232298579331,0.9255062870201284,5.360479829815658,3.215713656069056,5.042229034489104,1.484038727460188,3.1457922608838396,0.010251080605782465,0.9609320328269189,1.0780961627566443,0.19743276653290995,0.0,0.1720901905355598,0.8279098094644401,0.0
0.9726612174312271,0.9617711818047824,5.324312367995549,4.473879413585157,4.260842744512576,1.1831432060215217,4.523864824736473,0.00960432161048765,0.9632832943037231,1.180302563838224,0.11621231760875307,0.0,0.5280516461914752,0.47194835380852485,0.0
0.9651284895647942,0.9423926845519318,1.7242240612451736,1.7417125203715278,4.929939795784592,1.4439625999891241,3.085857259501381,0.01445520896652066,0.9450603116490686,0.8897281077056851,0.20188383860196504,0.3475394992238125,0.6524605007761874,0.0,1.0
0.9542965736506098,0.9648395453513489,4.831158788988841,5.57253841008249,4.688399764376796,1.261477843480345,2.9978066566027355,0.012375381426648792,0.9770232717594466,1.1609277828256093,0.10962013751477748,0.3605516337055746,0.6394483662944255,0.0,0.0
0.9690053546041342,0.9457448417678187,2.5412606915574347,3.9007339276941817,3.447798587531542,1.5940785152218258,5.613691521636475,0.007667007723720115,0.9693911209099423,1.0244319258376846,0.08601716254404755,0.0,0.31896005887654993,0.68103994112345,0.0
0.9690042301898868,0.9402463302397014,2.6764570293728123,2.3949485834772486,3.798980937802085,1.9065694073995318,5.032605733570119,0.01436838072901712,0.9200700540851952,1.0600551665765705,0.08319003542464856,0.7330345915716707,0.0,0.2669654084283292,1.0
0.9784011745034752,0.9102143386115918,1.8969193742749735,6.156159012540744,6.773340173961184,1.6179952447614654,5.799525446430676,0.012528050207938218,0.9496309682682487,1.0426518506483526,0.1676391360780064,0.17477260196753078,0.0,0.8252273980324691,1.0
0.9713346309168761,0.9439909102404161,7.681823921596603,3.169469653156887,5.046778926531257,1.2631594731824975,1.9302234238328952,0.013179456579070662,0.9441053801471504,0.8134938839843525,0.15362467078252623,0.691066780134332,0.30489498624397754,0.004038233621690506,1.0
0.9715118239332845,0.9005722106300277,3.68553642520516,6.318765761820551,6.815895943160324,1.503916697491043,4.525696323342903,0.014219885292335902,0.962342554963676,1.1777341990697718,0.14080638038461157,0.333453246878513,0.0,0.666546753121487,1.0
0.9673248673699598,0.8924960292777188,5.345523250615372,3.3506949212816783,4.705367385080079,1.5481968720616353,4.855331973972421,0.011109958340469725,0.966811110643625,1.3574437305578997,0.10550030288977033,0.47768984885959176,0.0,0.5223101511404082,1.0
0.9606982136686224,0.9656751702342472,2.9363278551277574,2.84164834049165,7.11754054235004,1.7523188675556312,4.143739062052951,0.010379484315955805,0.9538117474179029,0.7774524903745332,0.3012247251068688,0.5631697440528497,0.43683025594715025,0.0,0.0
0.9717680438279213,0.9386404165349451,2.0138604235059416,3.682980246840323,5.710481644934545,0.73673855101967,6.260842552034799,0.01057623526858408,0.941648035341249,0.7079855118968139,0.1751931186392429,0.20468914812905104,0.795310851870949,0.0,1.0
0.9874212972391784,0.9445107822730519,4.277461180327343,1.5961139129852724,5.842743924718577,1.2906727184931297,4.052247891591795,0.012242281979398766,0.9374848490251425,0.7917042084824032,0.3437691777993048,0.0,0.0,1.0,0.0
0.9704805234836109,0.9419810625199034,2.688269873759518,5.38316865087271,5.7499432203460845,1.1363691729694199,4.89163085439295,0.009618811972820968,0.961489178515172,0.7586802346104368,0.17420368746053366,0.5751432390413815,0.03420037112810558,0.39065638983051276,1.0
0.969659828248686,0.889607299150444,1.4703687176426827,4.45359908217712,5.963693110917999,0.8897893250070299,3.5038683107127038,0.010399707976369044,0.982624124976418,0.8665432852099358,0.22551476678839094,0.5243752770047112,0.0,0.4756247229952889,1.0
0.9655844100835315,0.9475154548932834,1.511889983709355,5.383500845802706,4.576632470966863,1.2201556992666625,5.183839746171627,0.011386779099787876,0.9622035704073882,0.9796878477617798,0.11470417600633241,0.6512012690807993,0.0,0.3487987309192007,1.0
0.9860935349677549,0.8700056811496865,4.2232220957901845,2.6806822184551553,6.494238937161679,1.666688379417323,6.211336545912791,0.008934751178795155,0.9387009492437058,0.8404454948784349,0.25160944506011573,0.43672173493498084,0.0,0.5632782650650192,1.0
0.9838910975600563,0.8688233722816741,2.3119162087003016,5.259640396959833,5.008203700437786,1.0937171043408895,4.353776613212598,0.01384770946553718,0.9355877002370687,1.1604915234719382,0.10088011159511147,0.4350806054535015,0.297107192731861,0.2678122018146375,1.0
0.9833323245668317,0.9094098609913364,3.627289566431987,5.667800945868147,3.676595225042523,0.996218753734768,2.8549946332523706,0.013237395268220981,0.9534416036753021,0.7602209765439112,0.09641634037131003,0.568124975106752,0.16170665812321947,0.27016836677002865,1.0
0.9757463266789954,0.9385666438523468,4.981027814882879,4.1162758059554445,5.7365624428765525,1.8187342868033594,2.816199976200447,0.011994139776290866,0.941354731701431,0.7079684460926304,0.17945619133658644,0.5436397790578171,0.4212087960909662,0.03515142485121674,1.0
0.9810075226460984,0.9589017149037684,3.4521739854560236,4.434478698408266,6.912541821795898,1.0155614975473035,4.786681224925284,0.013329132675666266,0.9051064824170002,0.9049871028834363,0.26631192872941084,0.7249890813217422,0.0,0.2750109186782578,1.0
0.9676545872102743,0.9634703030803604,3.5462829876749664,3.7737448045276327,7.4454834565819015,1.7488679257299546,5.587155015011101,0.010698620553369264,0.9767806573863452,1.2913568224177892,0.25781157834710694,0.0,0.8572884444529049,0.14271155554709525,0.0
0.9685693935138102,0.8975731696050181,4.12272048572914,3.314680876367441,4.858207687258292,1.5042987641618066,7.3237749322557235,0.012817216165082027,0.9758566967601251,0.9545310062611538,0.13705074637348574,0.0,0.9039320946587543,0.09606790534124564,1.0
0.9704523650320341,0.9129334837871372,1.664249396817379,3.6118063237845774,5.208145568955896,1.4251795995263021,5.14436562779464,0.011568795974463742,0.9552116380409714,1.1481185218535603,0.13915439276405248,0.42572811629022905,0.0,0.5742718837097709,1.0
0.9589052896111565,0.9597313123595239,5.230919136801498,4.516569425184609,3.5027140464963367,0.966894064482719,5.157681822840742,0.010161506106784525,0.9553718046906319,0.7965311543811189,0.05859855557986128,0.5597136685941528,0.19253989622457643,0.24774643518127076,1.0
0.9719546571164763,0.9615227970339012,4.790094928960425,4.74262849190026,4.5414132235263995,1.5977940572954756,5.779894807896364,0.010792351872566813,0.9498695076889772,1.2285180023078568,0.12233827802499449,0.0,0.5151334474430741,0.4848665525569258,0.0
0.9620100729395086,0.9738820541032972,7.0165920898452425,3.419513756291405,5.408064229768792,0.6394555718211268,3.4815031019770033,0.01264432379309394,0.9575722261911838,1.1720685123299854,0.1399649854064413,0.0,0.8702509935556183,0.12974900644438164,0.0
0.9754219120747586,0.966954789270706,4.562728226588929,5.2884015758609095,6.083392470568961,1.4054958338125372,4.882786652083583,0.013654456285761103,0.9769076797703748,0.8657115978520282,0.22772997383953797,0.6895203406018444,0.31047965939815564,0.0,1.0
0.9751544788288353,0.9793604128694662,0.4596615179465188,5.433067055850979,5.116427336492174,1.732366563870971,4.92358599632453,0.012647596627285299,0.9759538160753491,1.0436582319000636,0.20575320877487577,0.0,1.0,0.0,1.0
0.9600292601744012,0.9675410281132918,6.516594060033972,3.779886165944772,5.373892556299042,1.1513397664960248,6.52613779558642,0.014017627322415642,0.9299966432790618,1.1191560842804629,0.12754939024597658,0.18012201129141947,0.8179998319357047,0.001878156772875812,1.0
0.9490465340119655,0.9451690523935651,4.990563284395411,7.083135915044338,5.06114678473339,0.8948293476433904,4.634733033412052,0.01314476243447658,0.9793170613793457,1.1001378586503865,0.09327872215072998,0.5012562132388939,0.49874378676110603,0.0,1.0
0.9689809954837992,0.9709870220388778,4.818118956807229,2.663605238606088,5.151909153292442,1.2053885902117583,2.4643298806579974,0.008647241191984966,0.958571207110108,0.9795641334604341,0.17984016613209586,0.0,0.939467757318134,0.0605322426818659,0.0
0.9728708669593461,0.924980329878306,3.0811109312309863,5.376749994771659,5.1910527168562375,1.3945399072794484,2.827934839668498,0.01142149615757489,0.9588219009816287,0.9737251912865703,0.13885805833564843,0.5691602383195773,0.3705114949843941,0.0603282666960285,1.0
0.9689622810041133,0.9319625981583556,1.965427327973609,2.9935354143915633,6.425587570876338,1.0398975115885312,3.107906693132888,0.013835035968652497,0.963369292410525,1.156186729176178,0.2703833425745116,0.02029209582410193,0.8556978288140344,0.12401007536186377,0.0
0.9808055631903817,0.984158621956473,3.3578677472075142,4.6735443688872715,4.704853857432024,0.8178744030386876,2.5511153515516223,0.013295875659039915,0.9383887997941475,0.8817875504770458,0.2053170430577053,0.23470437173247405,0.7652956282675261,0.0,1.0
0.9529569398577986,0.9499729563569987,5.789894387210978,4.182736699509248,4.8940475234629055,1.176910403722681,4.6857821044664,0.00996454179339089,0.9463126830499378,1.1484392680391158,0.08107093219039298,0.4927256378550933,0.005299534869571789,0.5019748272753348,1.0
0.9567072831283379,0.9530252662127605,4.733361527275484,3.316658552303762,5.166365784466314,1.3749959942855043,4.11788972903434,0.012010848116495304,0.949760350413194,1.1534087107003708,0.12732023384455898,0.2238138306762683,0.7761861693237319,0.0,1.0
0.9744492788321529,0.9406558175827017,1.9950551994297798,4.467424729163829,5.1178665293892145,1.018379953183889,6.879036073068347,0.012873338558549881,0.9775553500338524,1.074989113311461,0.1954836914198331,0.0,0.13352155001976468,0.8664784499802353,0.0
0.964584126375759,0.9169423575864153,2.2916498018276443,4.318578993556261,3.7928503100426285,1.2444143860587404,2.024112689378883,0.010215385472361758,0.9689544599582289,0.8944491934006797,0.08693719319753658,0.09494455774573271,0.9050554422542674,0.0,1.0
0.9661344930414303,0.8935585844787408,4.278039834355473,3.6765276163674123,5.719659718014162,1.6487192017167511,4.55881430173719,0.011337791955843116,0.9688993755292582,0.9601690243593888,0.14108310834853094,0.4202563039921994,0.0,0.5797436960078007,1.0
0.9767519667502401,0.9312246248562676,3.1825110801231977,2.6407624707056803,3.9813183821940994,1.3448690894062914,4.9277581723225286,0.008397078444793425,0.9577908014260846,0.9542777583016344,0.139887549951311,0.0,0.2394812841811362,0.7605187158188638,0.0
0.9737758853209615,0.937656479076953,1.6816320928037811,1.3598512805458198,5.7236414632242045,1.516083739251647,3.7820122229093696,0.011255994535796485,0.9085470410458885,1.02667758426686,0.2627259111938068,0.0,0.7849662002478853,0.21503379975211476,0.0
0.9578056425828999,0.9605018908675076,3.198173461830855,3.678257989248353,4.660001635179884,1.5105659174082646,5.549859507077384,0.011545482143271142,0.9577848545156937,0.9450132999776282,0.1197565434898606,0.6796641924992236,0.0,0.32033580750077645,1.0
0.9615120015595697,0.9356871850297751,2.467926962173863,3.3908506190659793,4.855683982295622,1.5300222941227042,5.4557259482934946,0.0143074075951195,0.9495557373896537,1.082392818141584,0.10751135080340483,0.5040614509063437,0.0,0.4959385490936562,1.0
0.9636271791961931,0.9474180562003818,1.9705539386160609,2.9647510141708646,5.0014025939426014,1.2125003645360612,4.68173498008704,0.013108068658907639,0.9524845589251275,0.7964105959259127,0.16339815981004122,0.03056211137927208,0.9694378886207279,0.0,1.0
0.9619182004971331,0.9803402175898025,4.070448324384644,4.506672158235521,5.920117184943997,1.4466830756494722,6.846760439985426,0.014001906726169284,0.9484015090383425,0.9262794277387716,0.18971683254274152,0.0,0.8824211400354307,0.11757885996456933,0.0
0.9806267562186376,0.9373958978027613,2.503313830930221,3.888492939115075,4.031818571225468,0.82951321034225,3.684989701929775,0.015372355462296245,0.9592448827728997,1.2684087382616538,0.14272917079171993,0.0,0.493466262897538,0.5065337371024621,0.0
0.9775557767540048,0.9565169311089656,3.876379642954065,5.610704757331982,7.286439795459828,1.4191044041388308,5.626015211080517,0.013517711133799154,0.9763598343649261,0.9347467052600804,0.2931228338460332,0.7760546597248559,0.22394534027514426,0.0,1.0
0.9825372330134327,0.9323164101548572,0.4830699754137057,6.748408671152447,4.575619273054495,0.8735159236808219,5.172562814341305,0.01400896915338984,0.897016229883598,1.234345226251294,0.08484871711525213,0.4566981733362809,0.015228276706413635,0.5280735499573055,1.0
0.9773876300010812,0.8984110215054758,2.2059912535906756,3.12474090223927,5.608129077004181,0.9837285940630742,2.61675217877759,0.015002353003318526,0.9505525438007383,1.0330798878886305,0.19566693324967027,0.42745842672538065,0.0,0.5725415732746194,1.0
0.9680291948052578,0.9523896992276473,3.71735574488389,1.8722019726863495,5.213314014463732,1.4648840408295962,4.47308785574929,0.016144468858674578,0.9677648681435844,1.1708876569231186,0.16893018441996696,0.0,0.7293755316810558,0.27062446831894404,0.0
0.9647690671909174,0.9803236420108249,6.167044241369228,3.266263835027451,4.49027776967857,1.4300525681493035,2.1517943377943873,0.013831955790870185,0.9377633583544648,0.9714059942518221,0.12638922205522968,0.0,0.919263037079828,0.080736962920172,0.0
0.9876446259054031,0.9599390534477032,3.6045795419345863,5.804204576013236,6.205562497719181,1.1708586089707524,4.724697277465322,0.012351529924831782,0.9318438215013266,1.0481723012386002,0.277436758050092,0.0,1.0,0.0,1.0
0.9486628789761268,0.9565770799486502,3.424147836094951,5.171058022590842,5.127339610388461,1.2085088621688822,3.9738139679291438,0.012311450303208168,0.9719128212186998,0.8486997348381791,0.11304714553544366,0.5321082423983302,0.006842013727538092,0.4610497438741316,1.0
0.971553198665907,0.9445149369173734,6.456462988302459,5.657639638486358,3.8947890135420034,1.000365563922497,2.588624623501005,0.008785950721480862,0.9658694526990944,0.9749982323887553,0.09829480681108925,0.34227208162282935,0.6577279183771706,0.0,1.0
0.9822253650996179,0.8704077733915397,5.004355900394865,2.13354510518242,5.180816013272776,1.0369249848812023,6.02964788794905,0.013977176187730835,0.9612878044638309,0.7710870348231711,0.22082611564826032,0.0952712492188061,0.0,0.9047287507811939,1.0
0.9729759607778878,0.9040927370953165,4.974940218953249,4.076026616788692,6.016136392869366,0.7241995480713835,4.360126272203301,0.01361618534631541,0.9407314325639593,1.3154206914325117,0.1295086050755061,0.5631171220273413,0.2760316127086882,0.16085126526397048,1.0
0.9643111482912551,0.9460367779638488,2.736900578029402,3.469531477330519,5.641497045149294,0.7515529236405265,6.761780564273735,0.012105749561564658,0.9193133076077529,1.0197474586762234,0.1222011011737669,0.4721796023293858,0.32799823698294006,0.19982216068767422,1.0
0.955760854664421,0.9640214984316119,5.664685595039506,2.9799465858936323,4.062678028926154,1.4743528359134679,3.8196773657525736,0.009892752637266848,0.9214835937056564,0.7694576704743025,0.07658474816150411,0.4795892268773674,0.2150374068188557,0.3053733663037769,1.0
0.9681666785176287,0.9696307267461934,7.6520404036981,5.140302149638583,3.77314378746403,1.4832915869526584,5.2949194892875315,0.013770961786887718,0.9047554829283981,0.8363089321321885,0.0637418298544054,0.0,0.9987884467880257,0.0012115532119743404,1.0
0.9852140454144227,0.9543821807899647,4.880368760262771,6.499728399817367,5.098411378477121,1.0380036696670736,5.240765417177988,0.011231828784641644,0.9059642721058712,1.1986674832721178,0.15253023250424144,0.515879404272746,0.0,0.484120595727254,1.0
0.9796603918097714,0.9356534636996483,1.2857052541962433,2.670466583130559,4.719513481222915,1.1285092706898983,3.99904340108829,0.007189714090706183,0.9482626999244081,0.901620052436528,0.22463264795971888,0.49306604334509385,0.1536802230417148,0.3532537336131913,0.0
0.964938653721922,0.9353898255560416,4.065736370554341,3.4672978419727425,5.679129246764504,0.907057982428924,4.582166360138965,0.008825922275129279,0.9618739998917691,0.7764817948609404,0.17673238998196147,0.6222173677298374,0.3529601057419507,0.024822526528211895,1.0
0.9774248646916113,0.8977434322963651,3.4629096867560385,2.3332533741467074,5.463305836392665,1.6496068564524535,5.105016550648644,0.01213081815196029,0.952135865301827,0.8478411734965656,0.20334137979460515,0.3876459919249066,0.0,0.6123540080750933,1.0
0.9664952103144386,0.9707506661465692,3.1665879658764995,3.695344974075411,5.908710152724533,1.6363136305936807,3.5519567091093647,0.00842571301941069,0.8959947310864788,0.8700686796508127,0.17645549684433748,0.17025217982140237,0.8297478201785976,0.0,1.0
0.9816786030324858,0.9746221091375555,1.5267160848644719,5.838970291740145,5.349512454478816,1.0330953194880008,4.592905128110692,0.010526776354222177,0.9474798071369299,0.8072088173580944,0.22645204326937377,0.0,1.0,0.0,1.0
0.9714117149373763,0.954749825048458,2.037071373455467,6.686305746790719,5.842206338814688,1.429703550958609,6.495860123726457,0.012501284642031572,0.9237007936337577,1.0718472075122791,0.1198353471865932,0.1362028641475053,0.8637971358524947,0.0,1.0
0.9665291717581574,0.9297201657754347,4.27038038925774,2.8787728460561626,5.5999901175022275,1.5547481786774948,3.456221303633748,0.00889266981194667,0.9572663035115201,0.8786014965456767,0.1786494670304077,0.22230892197444055,0.7776910780255594,0.0,1.0
0.9680974029637609,0.9823159316523075,3.2764848057161986,2.6201026366946625,3.6699070900608026,1.630715475681502,3.211851652652369,0.011323313488058491,0.9558990052410006,1.1573184351288301,0.09949296819007356,0.0,0.8692636582815126,0.1307363417184874,0.0
0.9618145938239417,0.9781539727899656,1.546120656423973,3.4329402367918966,6.586349117682091,1.3929395095664765,3.1371069209866915,0.012003255173960146,0.9363073760347873,1.2283608121977192,0.2603451359528778,0.782764610416129,0.21723538958387098,0.0,0.0
0.9847851494801559,0.930943109191533,5.25695687310422,5.144582295424325,6.650985216117854,1.7132973047895628,5.870219875930676,0.008213793607974761,0.9429891620401915,0.8593193450376759,0.2486643684168658,0.4716809678123535,0.0,0.5283190321876464,1.0
0.953770810650098,0.9651615598278601,4.295579715796884,2.257103937020096,4.955011820563774,1.8281112862443514,4.918601881787682,0.012672902823455583,0.9167258877234632,0.8401803363328028,0.12008143121343832,0.6034810184932766,0.39651898150672327,0.0,1.0
0.9538179753477514,0.9767042502494707,6.099846254264368,3.499610666840365,5.3796004633049535,1.0568984754796102,2.842586471936703,0.012211230987252648,0.9590242721471738,1.165553981974586,0.1380426310845016,0.0,1.0,0.0,0.0
0.9596531930027343,0.9478645001770933,3.6356236803037794,2.560302819708557,7.745612507147325,1.8652138056084728,2.8857978881276063,0.015170108560910058,0.9700535261069131,0.8760418276313671,0.31207648685774886,0.14183351864204138,0.8581664813579586,0.0,0.0
0.9664771466997935,0.9724389460734433,1.6856141246478353,3.4432209217517986,6.656337774678464,1.547572823478898,5.602742777244175,0.014551856827191024,0.9330458998827752,0.9147173043593453,0.27733451252672375,0.47548095188489625,0.0,0.5245190481151036,1.0
0.9635320124258863,0.9700653855404012,5.942137935952,7.949329845195823,4.65467871392462,1.5929753247401266,2.6173744478825323,0.01003929676549171,0.9562323812198467,1.006036345670834,0.1044904941045569,0.13558077906396998,0.86441922093603,0.0,1.0
0.9582641251160738,0.9367275091868548,2.3541181723932874,3.0449658274720273,5.834513513705388,1.2340926384332067,5.235847593918082,0.011881609468424249,0.9394428976895725,1.0023628586777897,0.13341060148386233,0.4833118058178526,0.37255187384871374,0.14413632033343368,1.0
0.9639150823080779,0.9038117024864262,3.120929466558322,1.867682517342678,6.007508268146367,1.2553550510406886,3.768752162903297,0.012592647476489156,0.9548410139878598,0.9969147987796074,0.20182370043325776,0.7296198401265135,0.13980439684328624,0.1305757630302002,1.0
0.9656389278690081,0.9626997771283621,5.080547053428489,4.504628560970256,5.131924667735335,1.6398022435446222,2.01940666184938,0.016543730974317133,0.9405658944876355,0.9083135945080001,0.14247612432677778,0.6562664059319514,0.12036182681321672,0.22337176725483193,1.0
0.9718055668386683,0.9359273979211427,3.600575869933877,5.176190182525993,3.702107179718852,1.1608850454891488,4.122815611053062,0.010902269517999998,0.9612351053627447,0.9358220875414096,0.08339347898750218,0.6741149297733603,0.02258151077792583,0.3033035594487139,1.0
0.9811854139135209,0.9471722134713874,1.8020433348198654,3.921697294568972,5.130032721912341,1.0179940814482569,4.8318347809175926,0.013209448531587406,0.9140289364532908,0.9329596195819256,0.18110063694531464,0.7274380934518591,0.19082410608932238,0.08173780045881851,1.0
0.9673301501765095,0.9285959809006709,3.142640082148972,2.195528549484073,5.550822906450788,1.1058628204123027,4.669815235574321,0.012639759403826351,0.9431605564726058,1.135615813410622,0.18337768325158688,0.5998393277542532,0.0,0.4001606722457468,1.0
0.9704621981307646,0.9072897165650413,3.650529841024867,4.527588391118926,5.863985594659431,1.4581652349113048,2.6364304884992804,0.013323918660874595,0.9477058205744855,1.3284158223029219,0.12373434031402213,0.5396669259585505,0.20470308303412219,0.2556299910073272,1.0
0.9645881827106398,0.9465964145325568,6.3738594745617245,9.070237593618144,4.694660154143776,1.4556499936701244,3.7845950662910703,0.012128610184616688,0.9851129569959173,0.8914186038155519,0.09923180545308656,0.5278681936272911,0.4721318063727089,0.0,1.0
0.9714391757595133,0.9408161205335832,0.8359528476385824,2.778011132778408,4.818006688912365,1.2119728105133751,5.1672605936068745,0.014952599858034283,0.9588041836519516,1.0235174483004954,0.19839551094655072,0.7057664738674357,0.29301424808465387,0.0012192780479102611,0.0
0.9645330267985923,0.9417290914496775,5.922100356513031,4.598977442489152,4.830600050623798,1.5974975464750607,4.184627152538826,0.013412414782653497,0.9618665240795768,0.8680345111985517,0.11186523884959265,0.5856817321635905,0.26973966334948407,0.14457860448692536,1.0
0.9714582954649946,0.9121512084701665,3.6913365214507037,2.936162302992974,5.82799620285701,1.6122520149818316,6.343715605095781,0.011204732693173302,0.9779229061314755,0.8594424924273818,0.2280587815186712,0.0,0.6038024788959995,0.3961975211040006,0.0
0.9462423117401715,0.9800860004635386,4.1348265116052065,6.849057890242779,5.463215542727797,1.2644275052873803,4.850746237953344,0.014398017011030105,0.9554658574974583,1.056643732572431,0.11553413098970684,0.17515989427829942,0.8248401057217006,0.0,1.0
0.9736042682092796,0.9534861991675033,6.138321683717175,4.0803520255161985,3.4993473203088206,1.3508788319850416,4.50019008466653,0.010083923463667786,0.970854673830735,1.0728554244716526,0.08255751185345941,0.0,0.4710337573222882,0.5289662426777118,0.0
0.9655978474695405,0.9533012160310242,1.8544759774115873,7.158052794758719,6.3666224470270665,1.7844028873977802,5.185674783199078,0.009576015881636448,0.9536398437134206,0.9349702850845099,0.1465078324777192,0.39132721686929856,0.37843247958159865,0.23024030354910283,1.0
0.970776111740132,0.9083660514008496,2.424005316145826,2.1324185100767155,5.591461699025664,1.2128171846936642,4.2968723268213225,0.009550235303503483,0.9372239656557251,1.0397200742991903,0.17647827960928775,0.6949175201730372,0.2508822491978287,0.05420023062913414,1.0
0.9748937917992647,0.9484565733278288,4.371613391238116,4.578704077473086,7.371691424128492,1.5719897217104055,4.3778005261645685,0.009567053567555243,0.9600280945735691,1.220767237493517,0.27537976333254516,0.0,0.5148622079521309,0.48513779204786917,0.0
0.9546117052736118,0.9526857813774567,4.022263112937728,2.514295887805045,4.0145551257026595,1.6300874010915232,5.768535334666497,0.011036519096313752,0.9489603290442358,1.1118548557002197,0.08130360361339231,0.30354117892282023,0.6575708942379052,0.03888792683927466,0.0
0.9658325002826195,0.9213232551853598,3.1562077074536052,5.112783496504589,5.396009842412037,1.8600671533028117,4.066513205586677,0.01112743357414235,0.9601134709857325,0.9955102963200051,0.11207233828310488,0.3393143232338149,0.6606856767661852,0.0,1.0
0.9735802701231565,0.9247545643748943,5.083335950715282,4.643246641109786,4.536731333530432,1.496954555328128,2.38145317091175,0.015140742877872896,0.9442442428190759,0.946846739612136,0.10100915480531572,0.3478168157388391,0.0,0.652183184261161,1.0
0.967421335709405,0.9273955900840887,3.781411142165007,6.651485746750481,4.32730554960277,1.8181005354164537,2.305904687686253,0.00933178723123352,0.9601256005234236,1.0975720772618234,0.07683477352897354,0.12122631619474125,0.8787736838052587,0.0,1.0
0.9536572522755314,0.9336254294929678,3.060294179734128,4.843419654310122,4.398808851049671,1.511264479488123,3.78507523645374,0.01236468128310119,0.9695887401937344,0.8703553808031159,0.08049003612054875,0.12757705131475502,0.8724229486852451,0.0,1.0
0.9815837432233886,0.9246935419642129,7.165261801841849,3.5726110639802044,3.9449201267161196,0.6103579567343266,7.423224816778553,0.011495538989178145,0.9049933521079557,0.8657147325384895,0.07746651722532728,0.5812586849251405,0.016151740184124082,0.4025895748907354,1.0
0.9865031517775981,0.87737575190923,4.217106396322281,3.933608517041235,5.143503862365263,1.602126048100005,4.886886295213662,0.011613589551188463,0.9115458159161259,0.9570168917126147,0.1198251464866076,0.4786394142591748,0.33101964606986534,0.1903409396709599,1.0
0.9663370022604124,0.9261728214732349,2.920166696112289,2.8287259517044223,5.564553194964525,1.4310788103952772,6.062655225187222,0.010440566576001826,0.9394017040661424,0.9145467329040654,0.1393502372957849,0.5533696085364316,0.23125728533653414,0.21537310612703417,1.0
0.9854694230679739,0.9801010235763388,5.025910675535174,4.194053791230574,3.8845032613839967,1.7126615388229691,2.472051491270137,0.011860306432462081,0.954787691516065,1.2741604942116382,0.16212262260859836,0.0,0.0,1.0,0.0
0.9763730623420297,0.907708973920858,1.7835162761668708,3.269564032199236,6.539820477201012,0.6459606628329564,2.6531667808038124,0.009954774506278083,0.9453723636654695,0.790453530373146,0.23095988400376607,0.48135808515962586,0.0,0.5186419148403743,1.0
0.9607688384203135,0.9429432275853841,4.872598084342479,2.4449562482863154,4.29460571894484,1.2733803747945682,3.717258670768322,0.01343735032167304,0.9555276008191715,0.9675746688142187,0.11524884785715553,0.13755162116635986,0.7903514229318505,0.07209695590178958,0.0
0.9617887813493192,0.9479005503952773,3.4156334385830958,2.6163839139265317,6.605068473990887,0.6333962523583945,6.664691754053942,0.01173719655292756,0.9507160127431264,1.2763274045020974,0.21572646411120805,0.0,0.7940874867364172,0.20591251326358279,0.0
0.981068458973373,0.9426639098194595,6.2415392053810015,3.248123550888822,5.06823448811007,1.7308227714919429,5.625567957230727,0.01102121951518803,0.9094318894272603,0.7332640026776543,0.16258283302752843,0.1217456039037969,0.0,0.878254396096203,1.0
0.9733081588150044,0.9194744206667309,2.825546617159864,2.03973826557728,7.1839641480056695,1.1300772005731514,4.28543504015113,0.011958436176887376,0.971485525433192,1.0051845418193124,0.32783544526972624,0.0,0.8010095842323797,0.1989904157676203,0.0
0.9790808392867142,0.9373733236232651,3.5971963612430056,8.054337545589842,5.23597970492853,1.308756144455825,6.045314415373665,0.013690445928552994,0.9579037725649493,0.9711078070279259,0.13829689205098494,0.3487484416922555,0.0,0.6512515583077445,1.0
0.9420332733137231,0.9734148281756526,5.301679480759059,4.287748213164495,5.452188837978573,1.7792776418930634,3.965383449342038,0.013011489849645213,0.9320153373401309,1.016475568757131,0.09573230607535227,0.25043545049734567,0.7495645495026544,0.0,1.0
0.9555359550281523,0.9489756581686575,3.964881307715234,4.327403652655832,3.7936789706478,1.4004599218330924,3.7457979807317403,0.012172682146183899,0.961793642611898,0.9306631391205717,0.07028885985240649,0.5612245356232478,0.4179902697114465,0.020785194665305692,1.0
0.9877179033768115,0.8647225447486916,1.1598736457501215,6.3435054369986155,3.6543281550834656,0.9210471031658658,5.826072860531282,0.012921497936211024,0.9363351754475571,1.0411562030335155,0.06654556825564494,0.3743874882450571,0.0,0.625612511754943,1.0
0.9627803183755712,0.947186195303863,3.773454033854211,4.05320728118226,6.944127355673008,0.7470796259162256,2.564995955781495,0.01423745326054978,0.9466774963794032,1.1017797040086672,0.1977358771099513,0.2634138726496412,0.7365861273503588,0.0,1.0
0.9444201705663183,0.9296379569969643,0.3903714708925421,2.7970618828128444,3.944146387066903,1.488753603171056,6.33549436114323,0.011561919783476784,0.959595668985936,1.0983795156339295,0.05681520558590007,0.5091797498838628,0.35262140135853154,0.13819884875760563,1.0
0.9821179051097456,0.9417283750570248,5.050986811302414,3.5902242403737095,3.2137765488028887,1.0945237682328819,2.6967444287337154,0.012153346623329047,0.9003078373957865,0.8947139513195133,0.0808720083063866,0.2115734386821666,0.0,0.7884265613178335,1.0
0.9727202517102804,0.9343685680478548,2.2940416752523625,6.1961691462400825,5.739448601753166,1.1439253651517933,3.178558084794462,0.013811057946926154,0.9511306035703199,1.2878819154870604,0.14645777825230016,0.6194897299888192,0.3574862035556268,0.023024066455553917,1.0
0.9643519208647184,0.8939383257676187,4.3676048404776004,1.880954496117616,5.691951592568091,1.1539088468738468,4.2633503084394615,0.011088365377643607,0.9594179405186686,1.0891354126522252,0.17681528045793382,0.7570733780476943,0.09845550018864115,0.1444711217636646,0.0
0.9473584545467626,0.9505348420613676,6.266348889984005,2.779319237202798,6.206227514768388,1.3529900902335301,2.68629611688558,0.014709576184423489,0.9534313629825074,0.9963698040362547,0.15128087140729501,0.49288073997043647,0.5071192600295635,0.0,1.0
0.9685530047821921,0.9778894817578685,2.202966495083294,2.5132123990013326,5.851316203502133,0.7991280318716365,2.8287391104340083,0.014276503777708515,0.9363502651066057,0.8027025308476341,0.27942872947656383,0.48546490947431026,0.5145350905256898,0.0,0.0
0.9607236582264497,0.9638935607896135,4.018221416739124,6.358772019825457,5.66976143028231,1.457753692576392,3.0404458727577177,0.015778031136069758,0.9636185539513861,0.7440619302665723,0.15556998870762034,0.2755935103371409,0.724406489662859,0.0,1.0
0.9670725881867495,0.9645232609782852,3.9590675929062433,2.637514773075573,5.471267466334623,0.5872718274132065,7.3032281662423975,0.008415250504569672,0.9372180426085405,1.0957674513372813,0.17635539899546848,0.0,0.11672836945064222,0.8832716305493578,0.0
0.9820890815642928,0.8867947436098635,2.6643892878372255,5.288453810378712,3.9525203669338187,1.3483362700537729,3.7328550555231703,0.013148406095578765,0.9638853706499314,1.0820608212945768,0.10394160092459384,0.722625444358802,0.09185597683574824,0.1855185788054497,1.0
0.9494007042258882,0.9647137713696556,2.826614108995815,1.7673689838241102,5.065470019845632,1.1361478372584024,6.850800100705072,0.012216879190583506,0.9585913708618049,1.1085840389686787,0.13258413624730084,0.3833498838456895,0.6166501161543105,0.0,0.0
0.9500597615260656,0.9632620772634718,4.748912705782627,1.9932825145967537,7.094369527244179,1.506026038076397,6.343334281127596,0.00935548873618924,0.9292424868306972,1.0096839487776208,0.2122942684124696,0.5650534671487578,0.4349465328512421,0.0,0.0
0.9812784700648273,0.9378364444282435,6.720996185888017,2.9432682678434414,6.044303377204602,1.0815116847049508,3.9396319325445583,0.010656212879035567,0.9508220514424822,0.8579047889406702,0.25015030085916407,0.0,0.28823794467599406,0.7117620553240059,0.0
0.9741848121729004,0.971894529389839,5.234468417376003,8.070020953741368,3.8101085805320105,1.7152675114588305,4.349315741810647,0.009002128908830601,0.9678672217599763,0.8630768804822289,0.08574001035678158,0.0,1.0,0.0,1.0
0.9528430064608145,0.9544484820452162,2.0301948208148457,3.1721503993559104,5.218569916193726,1.8518211765564323,5.6248933833535615,0.008538163458470747,0.9282233681217803,0.9334923525546448,0.10099861265493579,0.39924319695558275,0.38727538351774377,0.2134814195266735,1.0
0.9544206047261431,0.9686643454048985,4.60478084564885,3.2896002114946175,7.366037334538784,1.6528671114019293,5.256836149576837,0.012915614893219879,0.9083855973201549,0.8389503669182385,0.17816122650791377,0.43611784829241973,0.08839185948631198,0.4754902922212683,1.0
0.9719201417809799,0.9779006701400733,2.8197048614921645,5.692266891385798,5.190847121491303,1.1593487498993174,6.828775589583299,0.016017395778550048,0.9442144513944347,0.7878830325660248,0.1755501404792365,0.0,1.0,0.0,1.0
0.9666877584447241,0.9663628412781199,3.27604205867961,5.574648017755605,5.993661997370562,1.7263777271323861,2.8482074260439987,0.012261645804181133,0.9243837211618215,0.9107679168020506,0.15617011199353992,0.49186071463493086,0.41627063504769,0.09186865031737906,1.0
0.9758966722101945,0.9257819876438048,1.4898144687421497,1.995291641062897,5.680450429900792,1.43549300494484,3.3329218798579063,0.015206471030703625,0.9216536622520576,0.6735640885610541,0.23215226684628248,0.6801918979851693,0.0,0.3198081020148307,1.0
0.9659794955860678,0.9257324813124534,4.375404995391605,2.2541071994143023,5.293861205880955,1.040069494619229,3.7901731842427107,0.01255634059500206,0.9735175968890876,1.2086332842083878,0.16201024619647644,0.0,0.5607227399045163,0.4392772600954836,0.0
0.9715559412328787,0.9256132932188231,7.455837003098347,6.483209813541567,4.698923242322042,1.618233826573771,7.147847721031694,0.011603434578907036,0.9677033268731376,0.7830197936062365,0.08895653765873189,0.4239801995262664,0.26514919857145725,0.31087060190227633,1.0
0.9626235673234965,0.967338644741022,3.160636463078264,4.710035182799655,5.915223057878824,1.571552582974455,2.831587420227581,0.010049642750479587,0.9305391403413144,0.977562750937148,0.16553310626376866,0.601471431914266,0.31155633578249714,0.08697223230323686,1.0
0.9472657513753601,0.9577120739568908,5.427726310285453,3.3778104749958766,5.428855478598866,1.3337732013614572,1.810913287542205,0.00734976241636645,0.9202165254292477,1.2673751096257977,0.09636341840495595,0.45631873896226294,0.5210306561758933,0.02265060486184374,1.0
0.9873384577000991,0.8731807117975134,4.80979984067596,4.862602168010982,5.447279655858517,1.6857698910743917,4.981043750447931,0.011878732997906672,0.9516904251342272,0.7694109918556761,0.17190397120865122,0.0,0.8982539836574706,0.10174601634252943,1.0
0.962899618041471,0.9670354126353815,2.9229477850540437,3.311273697499833,5.343721578671813,1.7814542720681188,4.548873963467175,0.013582708950636475,0.911942531816538,0.750605698999603,0.14626083617528346,0.270658272672789,0.7293417273272109,0.0,1.0
0.9497724309648843,0.957031355264501,6.2496829164660195,4.27371398566521,4.765144373264851,1.237463794787991,5.882796238028207,0.014651877189984324,0.9457458047569645,1.0924871032699388,0.07378511239340833,0.42986581929651313,0.5701341807034869,0.0,1.0
0.9499124266779455,0.9467637544057299,5.060814555330952,2.1828927911674567,6.161626974905687,1.5733860360739087,2.0206199340211297,0.009321824518183187,0.958482780451371,0.9588556664782417,0.1819491013179615,0.5136885736327873,0.48631142636721275,0.0,0.0
0.9573861483000895,0.9369993989350512,1.5422504435153734,4.844655367895648,3.373956034673958,1.0705235435260119,3.166313514871485,0.010754043096880926,0.9682737347719004,0.9697100926193523,0.06069563903118012,0.5340685307704167,0.43735013907041714,0.02858133015916605,1.0
0.9842532513410706,0.8803523773201408,2.266355945951097,4.411109423536654,5.906281146097422,1.2414138779845691,4.828221948624948,0.011688634285125246,0.9757588319382544,0.8083354243392973,0.28715125539624015,0.14376730257123566,0.0,0.8562326974287644,1.0
0.9707883796619992,0.9358784648745716,0.9872211076578377,3.4939467156985415,4.075744425794428,1.1522401121208712,4.871029395547712,0.010949727274090137,0.9793069848372002,0.928388240250724,0.15470519995065662,0.0,0.8674155605614271,0.132584439438573,0.0
0.9847385041631044,0.8726760123657078,7.004158530537495,3.5450634177582003,5.535129303422708,1.9163100303148586,2.734264428689368,0.014154908888466477,0.9536814427819148,0.8585428392876608,0.19204269511209063,0.10054061528041346,0.0,0.8994593847195865,1.0
0.9699409447091514,0.9770553216722845,3.0306257245605597,5.504432717827177,4.235866704676846,1.465893442510918,2.5362857483572974,0.008955981327103934,0.9554706904684408,1.0950882807092914,0.13719655715037668,0.0,0.9831805136232034,0.016819486376796693,0.0
0.9739038597494313,0.897722386891511,4.323551895111171,4.333058381821182,4.617607102401427,1.2179299928034801,6.145807896653414,0.012238802849141023,0.9749131307279821,0.6870841292405802,0.12688749280126246,0.6207889274597166,0.07544452692218012,0.30376654561810335,1.0
0.9631949996127577,0.9674087395507547,3.0346394964658936,3.4286401302809892,4.939939594293035,1.330351948414636,1.8972541472602025,0.012291850419129037,0.9641104533266722,0.8696862940292763,0.18400554435588357,0.44666150541390837,0.5533384945860916,0.0,0.0
0.9708316407775343,0.9300522822733825,1.7965850419885996,5.768045480715026,5.227243952399029,0.9050592417466268,5.1783164978034195,0.012877370919388146,0.9511386567670114,0.9863384153362469,0.11464908050145042,0.19981589392546087,0.8001841060745392,0.0,1.0
0.9643903427411357,0.9604383494590244,3.5578610951795984,3.8078471947313064,5.246886663572114,1.8521929258145835,4.936508865894478,0.0111997843413137,0.9796732451115918,0.8773371017994616,0.17756097123674247,0.0,0.8078652969001422,0.19213470309985772,0.0
0.9878285066660397,0.9214460024256014,2.328360678421095,5.975319343655246,3.9589464804668086,1.6581523190099907,2.523474178118884,0.011103888772640277,0.8954123956861503,1.1179969301383643,0.09413619093035551,0.17794717816503783,0.0,0.8220528218349622,1.0
0.9720489558446874,0.9278087277603766,6.414603211628782,4.574257480000754,5.5950747346463885,1.5838742664262737,4.259792919625874,0.012342299079640497,0.9475685588827315,0.9628591008534998,0.13115718609842034,0.2739311459345551,0.0,0.7260688540654449,1.0
0.9627056815501874,0.957477149986355,4.2372491638408825,3.155742406765171,5.554286207491278,1.2802556689139428,2.6679883474991577,0.010097708923384128,0.9185554472150798,1.1371151005689126,0.1462662147343603,0.5171734389721115,0.0,0.48282656102788846,1.0
0.9640873333131392,0.9361098989375796,3.250822854479817,5.2836549347859325,3.608306951486359,0.9889148523490989,2.8282643151262548,0.01059441822461671,0.9592914226671905,1.0304980176725338,0.06612481441560904,0.09651317704711196,0.903486822952888,0.0,1.0
0.9548317742488375,0.9602531700016741,6.796453416359418,4.30860683392968,3.446192128222182,1.6754818990978437,2.4339713233209004,0.012536815823999313,0.9647497434229585,1.2005757135894681,0.05528084162715,0.10521706255405396,0.8947829374459461,0.0,0.0
0.9625556769893877,0.9174381368980061,4.298273933683207,2.274956181255046,7.076653981734906,1.5452207567089669,2.8557272756727032,0.009365717268503498,0.9542999433338833,1.2362140999959221,0.22800608460284139,0.7075589321799046,0.2614912220755471,0.030949845744548295,0.0
0.9655551017304206,0.957967040349777,6.581190644795381,7.923465480683297,4.586846112400463,1.705761400808342,3.415136218394848,0.009472618383957646,0.9595385289088961,0.8811202921027944,0.08842406087971055,0.4422837564859583,0.2841892301575723,0.2735270133564694,1.0
0.9672054343258422,0.9202133781617057,4.827456725288259,3.061995891324389,5.0577279149003385,0.9652062586162011,3.071540310535656,0.015773694082623205,0.9349535523447356,0.8470494301018251,0.11309855284904972,0.3649240043536924,0.5856525284592485,0.0494234671870591,1.0
0.9673472116615445,0.9299495223585317,2.998819706108369,8.202442222443626,4.779016431734014,1.2972903955335675,5.212006449899624,0.01564566141540649,0.9659434207801075,1.2412200155651298,0.08251242538209946,0.4691048758449848,0.38674252914148916,0.14415259501352604,1.0
0.9613013500824685,0.9486672686714591,5.32691463804052,1.6159024176118861,7.294363684390407,1.453269164142948,6.029235599998827,0.01289039803898452,0.9731498286906898,1.0482514848829294,0.23630806922326525,0.0,1.0,0.0,0.0
0.9737520274614402,0.9028860173802793,3.7702383202436884,3.4033277788374123,7.210857539447928,1.237755140700553,5.855269789220892,0.009470362005313081,0.964728951122575,1.1613765637242854,0.25933657761122086,0.07242539442006875,0.9275746055799312,0.0,1.0
0.9797463909550305,0.9420652712426145,5.80425181332433,6.166552040052502,5.015763454303268,0.7254385100831777,6.1911032128544825,0.014026767587258494,0.9730996454738369,0.9400396901418573,0.16492034883531417,0.0,1.0,0.0,1.0
0.974728623523076,0.9503353195351847,3.323513084102532,1.7016523925710527,3.721795143388623,1.4810141523547518,4.9898223253773235,0.0137675034247037,0.9061453363962687,0.9103723251188295,0.12115977847648488,0.0,0.4199045101817589,0.5800954898182411,0.0
0.9684447301467551,0.9119472705787552,1.4048377963884833,2.6854684541674603,5.306579937285191,1.8491637978778004,5.962900062840607,0.013558798925456944,0.9628966803334491,1.045459947734487,0.17318956015766584,0.26551505704969247,0.0,0.7344849429503075,1.0
0.9550785134299721,0.9627665660919968,6.513489385740013,7.30065010010515,4.498289469624048,1.8027233233993951,6.6275032317502305,0.012799444615911705,0.9475604450230439,1.2069660967725921,0.05606982113222154,0.39705729412572893,0.5787470316842653,0.02419567419000565,1.0
0.9843131260509257,0.8971960867899461,4.543187330521637,2.7428732640587326,5.0025883944085034,1.3020941666522245,3.524651581761945,0.009110228273923104,0.9294309135001383,1.2547326718804213,0.17812904768011883,0.4299042362455649,0.0,0.5700957637544352,1.0
0.9734970435766278,0.9089302005802938,3.501858862783317,2.5308781672659393,6.5320306252624745,1.4487487442657498,7.657337665252875,0.010761430878221068,0.9506363813361299,0.9176436964740284,0.2219564935994324,0.4801334013482839,0.0,0.519866598651716,1.0
0.9681956964381331,0.9106496381313371,3.079417978948978,3.704507678039179,7.307805776431687,1.4161553268685254,4.7940569706154665,0.010607572952532686,0.9395411283318436,1.2330592214660707,0.16535427608864722,0.4913213046922314,0.4815725847007882,0.02710611060698035,1.0
0.9776456865817381,0.8866548208201118,2.7596407887680487,4.560946723577166,4.190780139325108,0.9186443409948306,2.040179290536557,0.009528551905086845,0.965181899426583,1.1429428373429966,0.11800672340338962,0.06174567372503281,0.9382543262749671,0.0,1.0
0.972245541676782,0.9689624681779074,2.605803560633657,7.215577669768889,5.590430237463081,1.5771205126799837,3.5420600981195216,0.010956073279551358,0.9673025262899662,0.8751913891662026,0.18440619898846114,0.6617324604274649,0.3382675395725351,0.0,1.0
0.9873935334946395,0.9523443560926359,1.905348762763761,6.957159330470284,5.733128182967475,1.6109821822074317,2.1419035040839263,0.0097259934614832,0.9169751129585073,0.6927735930134085,0.23437463709184309,0.140096712784698,0.0,0.8599032872153021,1.0
0.9761182832001006,0.9617382909631544,1.7227018363061322,2.2978450630524874,6.593798252143441,1.0205597431295472,3.030573204654468,0.01204388137717955,0.9211742016654418,1.1910928648832442,0.3387324685152502,0.0,1.0,0.0,0.0
0.9672425122710633,0.9381250831908536,6.934680417013301,4.535475374362353,5.462642549229189,1.2903344147162978,2.372030917463079,0.013595983453218666,0.9506193052024541,1.1877432667910703,0.1298597624209159,0.1985206241740144,0.8014793758259857,0.0,1.0
0.9717763738355935,0.9740130263914325,3.848655330288122,2.9505392840749898,3.6977266556753037,1.4825813168792514,3.813838258292065,0.008666358664660808,0.8960566930917889,1.2612919449230608,0.09715033472616104,0.0,0.1388061401881795,0.8611938598118205,0.0
0.9724130220862985,0.9438848445664906,1.7013076201742698,4.336365226235504,5.082017184982518,1.6189027642959903,3.7563530301246795,0.013031133296924945,0.9055014368347858,1.0342242742974004,0.10745791402232474,0.4175250001995988,0.3028513663620729,0.27962363343832825,1.0
0.975510903855082,0.9319716164008196,3.4816951666762685,7.313184307481908,5.197607325774369,1.4190133923944241,4.21950760532821,0.013510663698426137,0.9598797896114298,1.0069950552192966,0.1272565265595656,0.5829494880729189,0.05448851898122462,0.36256199294585656,1.0
0.9632944715144595,0.9238408142288205,0.9851467661518145,3.560273715908627,5.163254176739689,1.079952858853093,5.2274190955996644,0.009784508043236818,0.9389571869791662,1.0150634240987682,0.10376845473656143,0.36235025214454436,0.5909182572344219,0.04673149062103382,1.0
0.9722176112147732,0.9398342246479777,5.733864918836222,2.383456489178629,5.357206032382472,0.5936515049265647,2.690744622633691,0.009930318678944231,0.9376782889083244,1.0488910311523971,0.19078191877008968,0.0,0.25046903926342556,0.7495309607365744,0.0
0.9771928009008791,0.9756759937639922,4.009448359584627,4.313482358953726,5.6078232960988,1.8601480036923508,3.972853038030383,0.012961455354515948,0.9514436529337476,0.908063921899324,0.23323637831545208,0.0,0.03709255094086374,0.9629074490591363,0.0
0.9710060926197642,0.9744700357264054,5.416055308605438,5.461912241844369,6.004697888362973,1.6088216490873384,5.785050552421226,0.014211911801876961,0.9472637485043508,0.8603646129271656,0.19983757450691744,0.47721221946438336,0.5227877805356166,0.0,1.0
0.9722959856894177,0.9449115411375938,1.7602037656184646,2.894918470656148,5.568176632410022,0.8890444555102764,4.192431184460947,0.01644175432743921,0.9239912787088488,0.8241961327160922,0.1913650880754653,0.38206937677499536,0.0,0.6179306232250047,1.0
0.9679368107419908,0.9538466812947739,6.549255280127056,6.666449995168998,3.647838229858189,0.8976388130277997,4.988885562748234,0.01445903044246018,0.9693295306916274,0.7941334885220788,0.0757017524195211,0.06541937317707361,0.9345806268229263,0.0,1.0
0.9627966510347166,0.9527736515759347,2.426434740686692,6.53245743923154,4.847484965515647,1.3703643445957239,2.4450707981429525,0.0113153004379927,0.9556963124439449,0.8942013214511497,0.10477329898333525,0.37334178103401555,0.45809265928227955,0.1685655596837048,1.0
0.9739768661918266,0.9172610969331216,0.8451687691575022,2.618801255921417,3.315415812281764,1.61879814960116,6.8249466342082,0.009058861512237028,0.9249738473279902,1.3150174709416855,0.059673437189020684,0.0,0.8896072200844785,0.11039277991552149,1.0
0.9657047261696692,0.9681528846268124,4.537602356069452,4.093216627834615,4.432248481874588,1.4036802180565395,5.722801871801567,0.012828891558571382,0.9518930535827538,1.1880329237897513,0.11112121962908846,0.0,0.6935958391138263,0.3064041608861736,0.0
0.9731981320660377,0.9494869972443911,7.277634448247938,2.409948336777725,3.774246334349753,1.2479761373556455,4.97696237896219,0.011209948609568466,0.8914064378213257,1.0263490502465609,0.07974915783883069,0.7094494512723923,0.0,0.29055054872760766,1.0
0.9658465493279598,0.939128992183483,2.899670884941691,3.2862630511434237,6.203291604729711,1.5375509229674598,5.167091273961754,0.013220786979169664,0.9406314364534434,0.8437867910981082,0.17161114955308968,0.4819955777585597,0.0,0.5180044222414403,1.0
0.9522915839138533,0.9371293902381547,0.98324533972315,2.66116862254391,4.927348837614295,1.9179334162944488,3.7257791594906227,0.011929125381528028,0.9583421062788164,0.7846985473029682,0.12474988795571999,0.5217965395213804,0.1763690335193112,0.3018344269593084,1.0
0.9660467760727112,0.9741405218397082,5.9027939072257904,5.921091573769703,5.695384618833561,1.6829277369372637,5.321681747971007,0.01237395846127275,0.9587200088058362,1.0578882340793223,0.16242739089399855,0.0,0.04859120817367773,0.9514087918263223,0.0
0.9786457210843057,0.884549662302223,6.402274241185939,2.7987165495614548,3.4355867713961388,1.600084739626804,3.4514330528409864,0.013163450132588208,0.9667781994228707,0.9285042818153897,0.09781071871524963,0.0,0.03471535360919846,0.9652846463908015,1.0
0.974464597853829,0.9400655012926749,3.1083657751153124,1.8998364248841804,6.561116764886991,0.6868016930619454,4.272144065415157,0.01155486785472935,0.9640445067491685,0.8759923630972103,0.3118398906918677,0.0,0.17761555769228368,0.8223844423077162,0.0
0.973614571513472,0.91089507664452,3.1286384713016364,2.2289631403973456,5.662690631693087,1.052435842673301,7.11333888189924,0.011320331124220734,0.9816024905017988,1.104719565609368,0.23407313273788785,0.0,0.0,1.0,0.0
0.9659566960936488,0.923617674771282,6.118433969621072,4.122904295055393,3.100052916653615,1.3348521309688037,5.955399483311286,0.010802955790132233,0.9784238460340206,0.6114150606517942,0.04998413821814688,0.4210187162646607,0.0,0.5789812837353394,1.0
0.971943939576795,0.9363890348329691,2.686134837416382,3.8278211927952253,4.108949795704799,0.9576848287213595,4.703598552484319,0.010738036238269522,0.9343959575413064,1.005257202455206,0.09375831474075742,0.4097197599550921,0.0,0.5902802400449079,1.0
0.9827042112916907,0.9124707874937005,4.434055502217373,3.5646306359141553,4.6166648798801475,1.569326690901249,4.330404327937301,0.010506624338233789,0.9809725610695395,0.8863409735612274,0.21155914225475184,0.0,0.0,1.0,0.0
0.9785582003827487,0.9477239278823517,4.917567463821397,4.605769895823199,6.213824903365685,1.486734976664894,2.3781568668343067,0.008243935700278083,0.9616099057807571,1.0375710155939184,0.2520717876399602,0.0,0.09549091990478241,0.9045090800952176,0.0
0.9810730638943276,0.9256477164697058,2.305753315697815,1.5967160580726043,4.67670654504111,1.7572017653478107,3.960847001079249,0.009120925733002709,0.9467401459726468,0.8697458948644587,0.24306910406203613,0.0,0.0,1.0,0.0
0.9622510162561908,0.9620625232893025,3.848384562200165,4.354002590415517,5.407082301856113,1.494865635038407,4.7380715323024445,0.013014925354460853,0.94365694973331,0.725245958018645,0.14231859882395803,0.49888579380462245,0.3620551496623346,0.13905905653304287,1.0
0.963252638872077,0.9845814078931312,2.5645378356231854,5.511228336414491,5.171360912778026,1.2363475841302785,5.570191778969405,0.014589631165834586,0.9164291156323147,0.8582710347116181,0.15953354048687704,0.09467921163218974,0.9053207883678103,0.0,1.0
0.9629145714855001,0.9260593673040495,0.35188466680273034,2.871616015932502,3.904482733002183,1.426136828641987,1.7884240625117656,0.013376770632094866,0.9797461681949357,0.9199251128718746,0.15395429855630055,0.44411224083707557,0.5558877591629245,0.0,1.0
0.9604420686317126,0.9042787388568185,1.6087808052959705,3.0729970688479273,4.84608225147941,0.7857433993411057,3.8588314304912283,0.013791504398354906,0.9735387840851203,1.1005000646299734,0.14107936646682914,0.2752027622590049,0.7247972377409951,0.0,1.0
0.9681930789543859,0.9523780838178267,4.1288180489856545,4.849550656817975,3.9248497125013837,0.8017124756155167,1.903836296749988,0.010957773580054994,0.9629615513414868,0.724927068768017,0.1137904635894832,0.39878521325297145,0.6012147867470286,0.0,1.0
0.9526261529506692,0.9679703546686254,3.275249861922606,3.36619850028257,5.6320426897106675,0.8141423063835784,5.189364699596737,0.01230563130764927,0.9232090311342737,0.90258889600057,0.13550320698395296,0.40149098395168176,0.5985090160483182,0.0,1.0
0.9509447619552347,0.9514225473399411,2.3653092010247767,4.977379046257907,5.740765721204309,0.626134128655745,4.06692689967296,0.013799724056508008,0.9659938175447258,1.0097337084822129,0.13943028400488447,0.5341339117883068,0.3662744440468012,0.09959164416489193,1.0
0.9606038975344664,0.9706482329871552,5.05333502102893,4.135431481545802,4.811611627613193,1.03732855511891,2.5861577841757293,0.012500972925551516,0.8954642284937081,1.109770038585821,0.10145236429026516,0.44159617851343586,0.5584038214865642,0.0,1.0
0.9555569334129426,0.9372522503140281,4.191397818898382,3.1550036112983726,5.052985417825139,1.545541286149061,4.300499308192233,0.010486778440573141,0.9587865862690642,0.7204901817025773,0.1151853096948644,0.41773807130576446,0.42372183481183195,0.15854009388240353,1.0
0.9558260822490608,0.9665692789356557,5.069224041938005,3.5593300962841603,5.76793863989076,1.521550611439371,7.334507526526775,0.012526535477538896,0.9263825874796721,0.9893472264234924,0.12687828141857985,0.29670654947146485,0.7032934505285351,0.0,1.0
0.983205230792224,0.940825104835796,3.1779476915517852,2.7091049585302827,5.138974206565974,1.6023739699107085,2.016714154513094,0.010312143425820625,0.8759575073378153,0.8313569132090584,0.19284185266480752,0.47618389543664597,0.0,0.5238161045633541,1.0
0.9814239982854072,0.9782786978621011,7.696349820736508,7.269582282727758,6.6493770129033996,0.8131553594084836,2.8811140375786777,0.01505263597692961,0.9586234316607883,0.814484288739615,0.22457285622362116,0.6653085701414535,0.33469142985854644,0.0,1.0
0.9704586871519338,0.9486656472826704,3.504633609329632,3.2106799961450596,5.002366109423361,1.756872292336467,4.80744212689034,0.008352857862999781,0.9159069963462445,0.8207263446256855,0.12916381509488167,0.5132661035400006,0.0,0.48673389645999954,1.0
0.9804217642027732,0.8802957852643248,1.3085748945719224,1.8300993516271007,4.41529713084739,1.0431109318586267,3.8401428956141856,0.010890472868029098,0.9602461925557709,1.0442131704561393,0.19820346335454733,0.0,0.3084663165610172,0.6915336834389828,0.0
0.9568421458823786,0.9512033822597089,3.4149732903993817,4.477047626550041,6.208246591639124,1.573638620923383,5.392607357535828,0.011803129902821164,0.958396067715511,0.8741130424460364,0.15662566991668433,0.512022711297463,0.47459494547602205,0.013382343226514982,1.0
0.9453897866754567,0.9541133292820465,6.235281218024825,2.6632625501520835,7.157125861011802,1.2038293772830715,4.98853242140209,0.012544681750950647,0.9463887282677176,1.1693008500630298,0.17139803132093515,0.6303442372075114,0.36965576279248863,0.0,0.0
0.9850215609154523,0.8980463281013625,3.0629407398462147,4.5845504884276345,4.372365396467945,0.9036799897738192,4.7524036260745195,0.011751501481284858,0.967522682898439,0.749592652174133,0.17520509693090813,0.24066078843457944,0.0,0.7593392115654206,1.0
0.9812789231400268,0.9384561690856353,3.53894640767202,5.544067273220976,4.659641459853533,0.6056643892035544,2.8697469637077124,0.00878843567047148,0.9319085969772821,1.122558714310251,0.1353854525853681,0.7098636527121589,0.11765292375736643,0.17248342353047463,1.0
0.9656549929350128,0.966801190410781,5.802177363554165,4.168438226512352,5.478490786133698,1.556117169927892,3.655906386217206,0.014560677075932123,0.9361856751159485,1.0537726410142982,0.15609126235181162,0.44765401046283154,0.2690173493849569,0.2833286401522115,0.0
0.970572055968531,0.9491776301334074,2.283444077492981,4.351081286222529,7.6621329081788145,1.4106238751228006,7.661254294829299,0.008956190636395751,0.9017829480287483,1.0944114401934133,0.17524003262319449,0.4478946820401336,0.2699229612958846,0.2821823566639818,1.0
0.9731332314601489,0.9526193289349113,6.31264173694085,3.7232664800427573,4.544475066417473,0.8702426840971844,4.214222596191845,0.016268242696156336,0.9268886611506439,0.8147473788982391,0.12400674418228012,0.03554110109112528,0.9644588989088747,0.0,1.0
0.9676077328214794,0.9799309860216019,1.5631782230434514,4.5943951687485605,7.623130410643633,1.6651101304745632,3.049572688750124,0.015568823986677988,0.9458862609006002,1.3137814285843235,0.31498759410474203,0.7090510823899266,0.29094891761007335,0.0,0.0
0.970516525141307,0.9457608557990888,6.9486552010933655,5.607325060419709,4.8222144422330855,1.4762326451840284,6.313937216082371,0.01098727334846728,0.9633065592298311,0.9448650217738657,0.11556098968687233,0.4395322326273394,0.0,0.5604677673726606,1.0
0.9847046605936606,0.9434058316238206,2.6311447141932263,1.6530543478607693,6.484751730953567,1.204915178517704,3.43620608759837,0.012200582077616973,0.9688300655882831,1.0339431842396314,0.4005694157200098,0.0,0.0,1.0,0.0
0.9576188127317439,0.9464954099439961,4.650386408703137,5.030893586739202,4.953166456192113,1.1945901573016662,4.292087758288339,0.007549666251652654,0.9650072080691656,0.7296008518283524,0.10679310133238576,0.35859878748213,0.5147512134884303,0.1266499990294397,1.0
0.971459136507793,0.9116877883734792,4.663377550637083,3.1029189049597923,4.328290272859515,1.1111089475284204,3.644077496110106,0.011734296105915865,0.9481139949835915,0.8554341174192645,0.10431152351251727,0.5816502949583467,0.026963682355095744,0.39138602268655764,1.0
0.9734655256138137,0.8763354308659292,6.952244311959283,3.8428417114583526,4.295245297656809,1.3136732183567383,4.5185732205900635,0.013359451308734506,0.9560818253611174,1.1313767008464588,0.07640945260539701,0.5309459452346894,0.2681929309646564,0.20086112380065427,1.0
0.9626049658520562,0.8653109425306647,6.229161198197165,3.774571397996281,5.4473795583292866,1.0397613366179743,4.269449443145625,0.010572523036423028,0.9695748384882276,1.0666805097043068,0.09949578097438154,0.3730998240004459,0.5331797023034862,0.09372047369606788,1.0
0.9685218923577812,0.9456457399980839,4.521330268314266,5.273057313175683,4.61657260421868,1.3265628562143972,5.204669763113982,0.010565725974428852,0.9460304776954899,1.2611162290815374,0.09681398239043164,0.04788832946792004,0.95211167053208,0.0,1.0
0.9629930657999786,0.958039045542415,2.4635157092215456,3.369753598518682,7.303761150988411,1.4938456066867112,4.062404439927747,0.010924148738912344,0.9328605307387949,1.1776493491529982,0.2393132990969871,0.23549906630629475,0.7645009336937053,0.0,1.0
0.9859728256103006,0.9568086798784897,0.19464290901369355,2.121225628181916,5.865696977701488,1.3873798415166378,5.090664886708508,0.013346523819039368,0.9104733104505163,0.8998605230660381,0.36095698586485103,0.0,0.775832951392783,0.22416704860721706,0.0
0.9606806648145744,0.9383014018307638,3.430085859304251,5.459811602159273,4.004037559378892,0.8026296422022218,5.5340454310381055,0.00760110973848876,0.94477617472259,1.329626238105854,0.051623538405204956,0.4023623315376146,0.20888797514466212,0.38874969331772324,1.0
0.9747952210905161,0.9179685402561879,4.0928357883684905,5.364182340289863,5.194290003136769,1.2872038422036776,3.145787946267727,0.016168778172517138,0.9757250668937347,1.1262256752558648,0.17733618935692355,0.27042320783868934,0.7295767921613108,0.0,1.0
0.9655064913917837,0.9371402507315124,5.606697766115616,4.41359747174719,4.130757951484736,1.6096355168776153,3.7171738023624847,0.012956871017291316,0.9425807683788392,1.1762016773378767,0.07057020738001023,0.49752949989236606,0.0,0.5024705001076339,1.0
0.9530267240910004,0.933914666042825,4.685875116706044,2.2759120579757655,5.8498298262420825,1.6900894568708669,6.707177081398221,0.013581940511755205,0.9459376220064794,1.0226336213226144,0.13064643593489025,0.6015637378730171,0.32528039972516093,0.07315586240182195,1.0
0.970846745311271,0.9288350455840422,5.3822704828447865,4.359663847451962,5.893369313214219,1.2517066853354297,7.320293064231707,0.011081326663554604,0.9612571144925567,0.8248269124572136,0.15800551949333957,0.6049578506993537,0.2828881644034994,0.11215398489714698,1.0
0.9717194810870934,0.9562733327040611,4.538251387864424,1.9727247689592189,6.579253166501313,1.0181991398852939,4.455989578143817,0.011426103612968353,0.9813437769405058,1.030811869584425,0.2536012997191266,0.0,0.5112724834790525,0.48872751652094754,0.0
0.976239469764406,0.9826773836639556,3.7476731524534648,3.539105271116332,5.801928184229993,1.9147692835878125,5.563608720634328,0.0114218949256751,0.9411850164749311,0.8606330155517845,0.24474132092800346,0.0,0.10341960859047296,0.8965803914095269,0.0
0.9705184804133555,0.8967364161257582,5.602102753541448,3.8200052256551835,4.144118365504573,1.5689545963274065,4.7936625495987535,0.01387807580528673,0.9631501705591831,1.0591701489406606,0.08347055884187321,0.4144193524025225,0.0,0.5855806475974774,1.0
0.977004606078537,0.9435863429763178,2.570055440286644,5.325742289404463,4.916567389761772,0.9242647503922384,2.4228865973015568,0.011945798423714907,0.9501277365480669,0.957167525035078,0.1650064639592871,0.571137965940483,0.0,0.42886203405951695,1.0
0.9746782939379979,0.929784708217164,3.6132067107402603,4.885066665730546,5.927860251756732,1.6032012718828992,2.743613647187404,0.013485659315067565,0.9771652428841785,1.1976165009095976,0.22073968047605888,0.0,0.3098655828448391,0.690134417155161,0.0
0.9818005042757811,0.9325786729356277,5.052471028226288,5.366095320773005,5.1144851956147015,1.4303801394101796,5.266867477370061,0.012114645662469163,0.9818081568162897,0.890702786668158,0.19119673828998024,0.0,1.0,0.0,1.0
0.965974219233073,0.8988417525453096,1.5414989953548772,6.630294913231008,4.539806337176265,1.031140731432805,3.709774183383923,0.01410714504935605,0.9757041983262622,1.0010736343670856,0.09095253326182176,0.39099880361037065,0.5952769519616607,0.01372424442796857,1.0
0.9693033231231866,0.9571830721923247,4.024800343550979,3.95353390585268,4.238916502391891,1.924745389407417,4.259427053931116,0.008138197327889394,0.9461224642775218,0.7364034577056051,0.1136136934879527,0.6808024534139095,0.00018647978199690124,0.3190110668040936,1.0
0.9647391036652163,0.9334229198875591,4.538529420843435,7.08797253054945,5.406379649900368,1.454568183237948,6.408136614159048,0.009921877962890973,0.9739765630117083,0.9058596680553008,0.11522223920357473,0.5064292351014629,0.01891092093782161,0.47465984396071553,1.0
0.9595316227962285,0.9608028913414047,6.550236550427616,3.8852989788456647,4.768436915495746,0.8677103343195669,2.3953975206227476,0.01332544580969388,0.9737322820571314,0.7990656930106703,0.1358469623865094,0.0,0.9016651919006153,0.09833480809938468,0.0
0.9653781470804211,0.9864966522762362,5.884160061208424,5.637267258930624,5.013709956360792,1.4614727819966018,6.522406327245758,0.013435713680841118,0.9529590544174437,1.0550894108750177,0.12960413049532507,0.0,0.11762718276259435,0.8823728172374057,0.0
0.9698295441429235,0.9633839032422483,3.6342992124192772,3.0128203407950824,3.866731642728582,1.6529505818075032,4.548227970789153,0.015458630515538797,0.9337034832692449,0.9016405979056752,0.11135122216598341,0.3978688947998178,0.32860458090821987,0.27352652429196234,1.0
0.9719039272955393,0.9368808138162141,2.284538612940491,3.3821187200270257,6.998337211017377,1.4820694747277794,5.933679839178334,0.00833096068749535,0.9366734356046006,1.008975034813302,0.2272798735969987,0.34766479478071366,0.0,0.6523352052192862,1.0
0.9611907039217382,0.9621267946204244,2.182464393978498,2.847216078137929,3.6344785853363466,1.2692977368548783,5.49523208259229,0.014775115849097232,0.9092300906251487,0.8185361795985336,0.06812485001557873,0.5555133551717725,0.0,0.4444866448282274,1.0
0.9644769020004701,0.9447688301613932,2.525706016823914,3.960877988678744,5.402280826088092,1.6125275030523254,5.3544118774737886,0.011030432349788111,0.9563709204112077,1.1825295706266872,0.1527552189267161,0.7344273257896664,0.2173216986022699,0.048250975608063705,1.0
0.9650465078230848,0.9685842932496571,5.4945093383438355,3.7949581737333142,4.047534171354451,0.9022677932175318,1.719881284845675,0.009788745137072707,0.9392820968336912,1.094965543877903,0.10829809686219573,0.0,0.789227975098261,0.2107720249017389,0.0
0.9745870374541374,0.9475587827270595,3.538313967247462,2.8059314746314765,7.6657471405611,1.4416975621000967,5.00745780291162,0.010386622153649218,0.9056376177892038,0.6959580302609351,0.2750314363142376,0.49498244298244887,0.0,0.5050175570175512,1.0
0.9865356811355704,0.9693745300457148,3.209605348357556,5.084457666204559,3.9536007047508543,0.7764652748135403,4.1589208863768725,0.01091437061700596,0.9479729168438398,0.8356748516880452,0.16075480267303469,0.0,0.0,1.0,1.0
0.9795224544675748,0.9439079406603337,2.137850886243857,5.686484426272363,6.942885811640133,0.8351408685112044,4.667011260108465,0.011140639858465546,0.9536913669206928,1.3356404321378454,0.2840175650454365,0.2816199692315276,0.0,0.7183800307684723,1.0
0.9558902138492135,0.9490536390538648,1.0254104287840622,2.8576116645991307,5.403355093581787,1.1154577657273108,6.264588202187624,0.014292956356809619,0.9688507983232786,1.3002526337363525,0.17764170538916296,0.8002829418772652,0.19971705812273477,0.0,0.0
0.9705295656052442,0.9630728780116161,5.106191970673534,4.142763636030033,5.906273733118198,1.3874738326221654,3.72645359366362,0.010319158987414692,0.952578382999544,0.976751099668691,0.20889782341546437,0.0,0.39548525947232077,0.6045147405276793,0.0
0.9576425648052107,0.9574494485495654,3.6853501839591765,1.1587428945641478,4.864032990234892,1.4527535377502507,4.007191209227605,0.00904017347515048,0.9523996840828801,0.9753943346567717,0.16122250325115192,0.0,1.0,0.0,0.0
0.9713613168034342,0.9220832355408262,4.057828181524972,3.477118263431761,3.75672604782978,1.6284379150671882,5.923062051748771,0.010311190063340556,0.9770807054870954,0.8059525610317354,0.10731611100773493,0.08409402247684794,0.21351118344014064,0.7023947940830114,1.0
0.984042305917281,0.9341642897428267,7.078314310532247,6.26178084613198,6.185529774127235,0.8995799028961643,5.5042756221976195,0.011370245860060897,0.9492257363471511,1.1719875340627282,0.2114054592717001,0.29234894278255863,0.0,0.7076510572174415,1.0
0.9715029098215959,0.9179907693925773,6.021800246529283,2.29862970809147,4.347269623607247,1.026822583006711,6.163598137219311,0.010072945829881616,0.9386219824786013,1.0710501510829937,0.10339211405280674,0.7238623646405151,0.0,0.276137635359485,1.0
0.983915744195524,0.8806676490322513,3.649269256682584,5.851044875071041,6.302911581497175,1.4512834880976895,4.042686424707846,0.008017740524064978,0.9611469029687013,1.0923935995898122,0.19204355074381338,0.6805784906883144,0.1626790807346152,0.15674242857707035,1.0
0.9689192656951386,0.8668646738653188,2.4413583651352955,2.2266702204309317,4.194301493643157,1.4700910085062966,1.5750427361977966,0.015703095276925608,0.9757369329128043,0.7597540193686207,0.1464071241182208,0.3332382656339432,0.6667617343660568,0.0,1.0
0.9483572952096019,0.9468582227332506,4.13987488810786,2.488408301984662,6.379467223994954,0.8927123216834912,3.6963110048821815,0.012058049050542136,0.9619842945289074,0.7845004237081462,0.19183859629956937,0.28011072314390667,0.7198892768560934,0.0,1.0
0.9795218657558163,0.8599001093762555,3.213082132092598,2.6287348411434905,5.726339726863666,1.0820881277016008,6.2781572506082215,0.011386022157754331,0.9664261752118515,1.1337556536787554,0.22087698242060688,0.2450524046519457,0.0,0.7549475953480543,1.0
0.9518537268120177,0.8928935205300681,1.6258092419299706,2.3532378150138706,7.186203973434061,1.2320941579165345,4.931542865744625,0.009432601184439615,0.9708149567521471,1.2209733017901003,0.21124697048537244,0.6826205284253878,0.15977449467723473,0.1576049768973776,1.0
0.9785756012715144,0.9398716942016124,2.067275173405311,4.561275918047923,5.5493209661368965,1.509668462958551,2.918434485434088,0.012921234163267365,0.9238053172197542,1.1298611801270297,0.1697741815284147,0.13862467523515637,0.8613753247648437,0.0,1.0
0.9536309825445711,0.9440268860057589,2.7723895975063026,3.803853874647843,5.955532332008485,1.5989508390510587,4.423679938821323,0.00883457944366407,0.944480142609953,1.2728549087742982,0.11871640024964243,0.5324619411339121,0.1685488837983508,0.29898917506773703,1.0
0.9604164500179398,0.9555448925459114,4.279538857691206,3.1074106217823285,5.047017520024427,1.3635122706764813,4.620263449275663,0.012165097893495635,0.9607209998561249,0.9038658461424589,0.15327778276199247,0.056923643954121084,0.6360822358741293,0.30699412017174965,0.0
0.9671134301746724,0.923428847273895,3.8908708441626754,5.60573487652007,6.056871721771861,1.52811016645629,3.400464578024579,0.007378556849081967,0.984591256944474,0.6641647596740343,0.2142350359781687,0.6305598924611061,0.36944010753889384,0.0,1.0
0.9665046405657122,0.9740530450671446,6.22128249305273,2.0355641061957073,4.86908409250121,1.6631968295053363,6.193325280334616,0.0139917650729562,0.9231892279135072,0.7859937046049512,0.15643560724210132,0.0,0.0,1.0,0.0
0.9764589607999866,0.9769968314880147,6.134030106336223,3.091840819263993,6.392930342579204,0.7894797036287882,2.837425417043877,0.015622538301465337,0.9523041343024695,0.900985284073279,0.2590517438143861,0.0,0.32047106335750986,0.6795289366424903,0.0
0.9665291214453492,0.9591824390473528,5.291190930309222,4.213072838613318,4.76971653211854,1.4812421981676376,5.942748229979745,0.009870752162119485,0.9592758800109675,1.0240463835516322,0.1298608611758817,0.0,0.4715228133292613,0.5284771866707386,0.0
0.98428278290462,0.947674683068698,1.5287629189252359,3.8892760951776912,6.0306778133790235,0.8892355646307813,5.828275147127248,0.009740316205130786,0.9450791907876045,0.9028528313446622,0.33020232157033036,0.0,0.011421624013932418,0.9885783759860676,0.0
0.9672612171474197,0.9602033991334242,2.6387241506153982,2.6515691314127703,5.16214752771789,1.7065769344629103,2.5118287582293233,0.013248085204442364,0.9664443197246241,1.1224939884451375,0.19467859066644924,0.0,1.0,0.0,0.0
0.976630302876756,0.9677029306496916,1.7594379000910267,3.6836824613761356,6.474396727457345,1.8103522186847347,4.025762026698306,0.013013779339012103,0.939692519883869,0.8511545019619667,0.3354787232822082,0.0,0.942650131593719,0.057349868406280986,0.0
0.9775268516724391,0.9461233582953824,4.10443187108814,5.263293071513914,6.02912161816946,1.1059910708548113,5.907216771655768,0.007630196235972146,0.9634422697682908,0.864118428066229,0.239995144023187,0.0,1.0,0.0,1.0
0.9540626190664409,0.9211672774935922,1.3234380411093785,3.7917835840549836,5.1599610185072375,0.8745059148287194,4.378461351462597,0.012772024613596954,0.9681049611608642,0.9373351091701558,0.11537879623758585,0.4487709238146621,0.3467613112126322,0.2044677649727058,1.0
0.9503575181833723,0.9498832973400282,6.182973328550165,7.790230141087148,6.135395419001755,1.0469977145952027,3.837896335330309,0.010982994239690451,0.9858652102912783,0.9466987827962879,0.14218868769297455,0.5667727674375099,0.43322723256249007,0.0,1.0
0.961802661074459,0.9704745806530258,2.9454755496994105,4.008081573157294,5.189509756463053,0.7848091863643816,6.201807780760856,0.015461250661214706,0.9510336416084779,0.8544868296017081,0.16762643888396242,0.3617853307799732,0.6382146692200268,0.0,1.0
0.9840569899424026,0.9375592183334329,0.5872856454591499,6.57481372906342,3.402383756217489,1.7215959504959835,4.507305825341234,0.01442860104561665,0.9520095051521258,1.025252979888479,0.10054636707662148,0.10782061216823052,0.0,0.8921793878317694,1.0
0.9674969949267589,0.9346339658910787,3.0263225793366217,6.876023582432132,5.838579134487977,1.3100867284411217,3.634309185781376,0.012643260907478191,0.9710434935985013,1.1608324998258046,0.15367880252969265,0.5281412125560736,0.0,0.4718587874439263,1.0
0.987592517192505,0.9558772594217619,1.5784451050295492,5.301739570047996,5.600813799220626,1.2854422297814203,4.487394552185139,0.013476697278529612,0.9713103976696105,0.7546883879753123,0.27081801298275826,0.0,1.0,0.0,1.0
0.9524719966759032,0.976060724994361,6.145592478128895,3.918461441172476,6.358741223436294,1.5286999019493317,5.481716833587708,0.00761664961651397,0.9299714973115775,0.8318292123806494,0.15860205097261312,0.5898348258005539,0.2467305009386605,0.1634346732607856,1.0
0.9663596084151184,0.9724558221197911,2.2114026861454286,2.2956763969493847,5.0950586206417166,1.4712575298487849,4.843349987594042,0.00817937132060864,0.9525348747026178,1.2217803534975604,0.19673691112002756,0.0,1.0,0.0,0.0
0.9499229849602798,0.9194334942609673,4.789639421959171,2.532926701456743,5.137412695931497,1.473269072922003,3.9620893165196494,0.010462093905606352,0.9678632512508333,0.8669483124558868,0.1146478697634966,0.5684108683622979,0.016483382969236803,0.4151057486684652,1.0
0.975783631060387,0.9203007063602542,3.4879581450008743,1.628669572492797,3.8577643597457163,1.825108261456803,2.367355398092772,0.013046118430772016,0.9300203461063365,0.8743362619480455,0.13378623493271785,0.6381780524311359,0.0,0.3618219475688642,1.0
0.9792938335464544,0.9561074393266589,2.077343125305784,1.4272297383299373,4.3367014329142615,1.4224645113661543,4.895655309963067,0.008254003063101973,0.9792480790437527,1.3499583282907885,0.16113196880184527,0.0,0.0,1.0,0.0
0.953799729009482,0.9617377557110491,1.6597960621395345,2.976168043806161,4.809805868385278,1.0741442912682206,5.417312548111526,0.015265758142188366,0.9206840123673572,0.9446209807777417,0.10431747752683779,0.5321092223212028,0.09972193707464126,0.368168840604156,1.0
0.982353870339156,0.9158362101163263,3.764422656078863,3.3323328874291764,6.044985125561945,1.362381909646773,4.5445818480059845,0.011471812561051602,0.9130502112424077,0.8037407266718541,0.1885529255268369,0.5826448739464017,0.0,0.4173551260535983,1.0
0.9702217751275918,0.9639978721485805,2.597303666422579,3.815182561423656,5.500944944833355,1.5814747921825405,3.762939679719426,0.013791414066529943,0.975102280667048,0.9473773269066277,0.222020259845985,0.0,0.8087865511125607,0.19121344888743919,0.0
0.9798779005977212,0.8654063778305903,4.230520812726088,2.1181118297723485,3.9752938930258517,1.6151428337487057,5.396101942304824,0.010705897639126695,0.9556157440227604,0.9102426488913694,0.11708156265868488,0.564607975101081,0.0,0.43539202489891904,1.0
0.9724299554281624,0.9640537184765745,6.83100493438683,3.920322115307532,5.119322320265018,0.9284389848308232,4.597931325967932,0.012405899012519324,0.9496754803243437,1.3027363433507226,0.14088484289648404,0.0,0.0,1.0,0.0
0.9600596411701406,0.9498146874501081,2.3280748358755847,3.1897252710009028,4.72114551480589,0.8524080178705615,4.7111739551370135,0.014478813097509426,0.949567678527444,1.0745884321885202,0.12829429164308662,0.2068635249364266,0.7931364750635734,0.0,1.0
0.9673759834361029,0.9333066799765808,5.620578509309671,6.1155105068480715,4.765857949302783,1.3252472042174894,2.9424143909387777,0.012022608159362253,0.9696973221068717,0.8291470257334204,0.11062911491398432,0.5124965865302418,0.11784380501741486,0.3696596084523432,1.0
0.9613202891403777,0.977768405668391,5.700946168821124,4.463596355188042,6.183496736231746,1.030971005774591,3.6090307863362208,0.009865277691526439,0.9243010965486149,1.1718170734507172,0.17537345959284129,0.0,0.65641564511384,0.34358435488616007,0.0
0.9582201373940179,0.9690611919594287,1.4204233129114134,4.015255988196074,4.227273589038258,1.3679202658791703,4.527854725502285,0.008630292490279719,0.9211551866436799,0.753215689267741,0.0909773315920752,0.1888904585965472,0.8111095414034529,0.0,1.0
0.9690423566525717,0.9499000753312099,3.1941218167136896,3.330844982959807,5.006737824409424,1.4439670268752889,4.605046018075332,0.011967978598984071,0.9345153259373061,1.042878465986195,0.1455412105967715,0.1971644073916458,0.8028355926083542,0.0,1.0
0.9689745647275294,0.9743102040723017,2.2956294016345873,1.9779978926669057,3.597393986574355,1.1318760693061318,2.270142100276901,0.009247576371466715,0.9166268608314588,1.010241480339895,0.13394175387270266,0.0,1.0,0.0,0.0
0.9699751074364337,0.9603105744005597,3.970137249020988,8.61476227464549,5.499476629167226,1.3558393607932404,3.462520155663714,0.009338653430860933,0.9605185974948656,0.9839551611042188,0.14714393355770805,0.10365561037724157,0.8963443896227584,0.0,1.0
0.9865382630250361,0.9585699854762442,3.642336333699001,2.7353631537953853,4.210714497344396,0.8753200610562973,3.731804467382728,0.013368102852237699,0.9359175013496134,1.0743099658271713,0.17416866377299892,0.0,0.04222685617564261,0.9577731438243574,0.0
0.9864280814731508,0.9051621205355435,3.4678628163366945,3.671511073570146,3.36825336089213,1.2272823159863424,5.3352017337424815,0.014669468046789563,0.9571020702566679,1.1607981275606325,0.10479678030070261,0.0,0.4617594340689662,0.5382405659310338,0.0
0.978941452816294,0.9391451885832341,1.6450731342410863,5.550775564561127,5.980899492591496,0.6763261661127183,7.276548012085591,0.014319193443948705,0.9495608092324315,0.7843690597605015,0.2017424701604066,0.5745132509470811,0.0,0.4254867490529189,1.0
0.9776076654689957,0.9458311162860946,5.992228921240679,4.109666295387177,7.209172509709038,1.389022113667271,3.5495251835905295,0.012994169016270742,0.9668132696031616,0.9064521200958182,0.33365615835940643,0.0,0.0,1.0,0.0
0.9628389548191151,0.9839719198145802,2.7246576182886537,1.8601160341094352,5.316935706037197,1.2175734559327096,4.918280030406042,0.011655424916821264,0.9360928564169044,1.2871337704803205,0.166727248017462,0.0,0.7891533767177693,0.21084662328223067,0.0
0.9738886884526283,0.9089836270700123,6.894918827606508,4.381495056213207,5.828111535750359,1.3363469427798158,2.918483754951414,0.015709098551136357,0.9473849680607643,1.0335687355601277,0.13343084884701586,0.5304426326296028,0.01930530619891633,0.45025206117148103,1.0
0.9583939152682105,0.9850487917074295,2.172891602512386,4.888167128779646,3.898431624136329,1.0729630425741141,4.404828235148436,0.011210892054640277,0.9599367936777425,1.0189722575578561,0.10423615423377386,0.01682936785243234,0.9831706321475676,0.0,0.0
0.9629826915201737,0.9759088996284702,1.5347080242060203,3.177935606236649,4.737879901737125,1.182717878039747,4.731320830228974,0.012993275721162056,0.9256399771882472,0.989228733815172,0.16612361256939068,0.5822061932509925,0.13511301729557793,0.2826807894534295,1.0
0.9775461591827938,0.9249042487642527,1.8239070712612635,4.070394943600854,4.7699165578170675,1.7790019480677381,5.346448300833288,0.011839312318492452,0.9340751437107179,0.9185462285765866,0.12411082382160818,0.34994874381666446,0.0,0.6500512561833356,1.0
0.9526132301868576,0.9346781263042738,3.8314251854245827,3.327715591116732,6.084282797541226,1.2674561769563526,4.141986964887632,0.007545566035497778,0.9596011336822259,1.1763134984526615,0.14366854153762693,0.5560685740021666,0.44393142599783336,0.0,1.0
0.985349229412433,0.9571613907705829,5.4838187937876395,4.65615424958421,6.364548038076552,1.5111138529942785,6.143441423191904,0.012624834392616455,0.9344251155105319,1.0185276758746948,0.2943050599606989,0.0,0.0,1.0,0.0
0.9551990070796679,0.957004554906152,4.29846174058369,2.753270901184788,6.03149061593764,1.4055504063498265,4.415535210657151,0.010808124136188663,0.9500521657729973,1.272080360268624,0.18261240065559015,0.12567202049931075,0.8743279795006892,0.0,0.0
0.9825162339696704,0.9157863518946215,4.088350854631105,3.87119527871503,3.670291966873065,1.6668684766861732,2.9748169588512945,0.009197048487234908,0.9019329951512599,1.237807409474086,0.07447510451129138,0.6642230897815813,0.07098758766835601,0.26478932255006277,1.0
0.9644032018009874,0.9520454968181289,7.135786977386437,6.527104297809139,5.997428100071756,1.0957564762060252,6.433143459454928,0.00994955894126024,0.9672814984111515,1.087470880784213,0.14261559315999578,0.3689542597027865,0.0,0.6310457402972136,1.0
0.9542341834171025,0.9565788456916462,5.2335742767987155,2.860463552129578,5.496326538236135,1.4714285844849058,5.1508118910864855,0.010190138007647231,0.9598013653768752,1.1933999143191738,0.15154500532353182,0.0,1.0,0.0,0.0
0.9498833070258064,0.9538658630101936,2.6753406501915746,2.4569471221875143,4.518464703398604,1.4498601885501519,3.8473733466482853,0.010346798655704188,0.9731169934616011,1.2236745385488073,0.11341133210370309,0.713808591742349,0.286191408257651,0.0,0.0
0.9577264578804908,0.9477219090052966,1.2770542812412362,7.15444560095367,7.308423733041522,0.834911457351289,4.774510722480283,0.014290712424262053,0.9719081078838336,0.9528074276284768,0.18800698853813566,0.4669806226209462,0.06934197889950307,0.46367739847955064,1.0
0.9819375559374529,0.9660405173947084,4.553789503864063,6.156977236615795,3.594660195958501,1.880802818435518,6.892182631691236,0.012517520935626598,0.9466769420795881,0.7390770907999602,0.09654270580789433,0.0,0.0,1.0,1.0
0.9663205060218657,0.9721003927217615,2.5479799362715267,1.866797315921052,3.596658066115699,1.3725860405150052,5.073099887071651,0.011644973428946834,0.9239705120884938,1.1549151187404623,0.09229076812751012,0.0,0.5794119788083449,0.420588021191655,0.0
0.9480731358219032,0.9525045215097389,4.509673549423027,4.00602593141186,5.067851252618276,0.954593934376725,4.2756442020082375,0.014732255842819342,0.9808439021924881,0.8970691518419728,0.13085271969464465,0.6584097462552188,0.34159025374478125,0.0,0.0
0.9555581822871045,0.924868484712785,1.1790420513293425,3.0442905293696025,5.515903002846676,1.0836855568454575,5.512662947599733,0.014637113399806626,0.9584923508123431,0.9843311951201474,0.13133598747750788,0.5347893506679988,0.14102978602162514,0.3241808633103761,1.0
0.9611233968034789,0.9674302233968166,2.299324887264719,5.748815825126454,7.062665916279071,1.5939905224230564,3.677824424116825,0.012838533135317893,0.9411175379398542,0.8533938827758945,0.19423680492230472,0.4644444180698771,0.28926911557308477,0.2462864663570382,1.0
0.9569755679841145,0.9506484047609626,2.249104525182135,3.7119612802460873,6.340390299431569,0.9614562255972458,7.264328653836581,0.013116328664480953,0.9489880853632435,0.9325657203054494,0.16099206544200323,0.316716601566097,0.683283398433903,0.0,1.0
0.9769029015775157,0.9196677075296111,1.0324597826480075,2.9243550016319553,4.35803827958858,1.3041314861387305,2.131530581236735,0.010906072661728201,0.9421032038186139,0.8889170974952789,0.15222065530028822,0.30747994998455314,0.0,0.6925200500154468,1.0
0.9811948930821854,0.9274516544080923,3.865281402870476,4.7849345568283965,5.313681500265476,0.9937846740521123,4.05640808226329,0.013433726526948603,0.9709835194345832,0.7779029260320797,0.22994967826079094,0.0,1.0,0.0,1.0
0.9443565200604925,0.9553234018772028,6.5995319631941625,2.240831822884328,4.580925726419258,1.4023341035687993,3.8756812502519216,0.011441853238170208,0.946871669638658,0.8946298831813417,0.09198777322593481,0.6063359273390889,0.39366407266091097,0.0,1.0
0.9583433475933134,0.9586320807626004,2.6520873689769076,3.0988281219917306,4.5590809559901935,1.5825464824707527,3.9779424880833703,0.011773998186784825,0.9552336907472874,0.766433351985776,0.13321455461118725,0.6934965150295914,0.11504603445220613,0.19145745051820243,1.0
0.9573582284774206,0.9499598674417383,5.8111809490779995,3.659535748062404,4.876125287311242,1.3708990551516493,6.553822294052644,0.012836647548886849,0.9462240014843537,0.9305185931134626,0.09180129907664918,0.403186620515516,0.596813379484484,0.0,1.0
0.9589369080625225,0.911961320113533,1.3986218128644563,3.960498628868029,7.498717902969037,1.4295254844305423,4.999904880063839,0.013628390412335052,0.9680771317492203,1.1776540506091642,0.19825167717710818,0.4735668982334905,0.5264331017665095,0.0,1.0
0.9786767010547155,0.965304319255308,3.9576145762019603,5.085497422349734,7.703371537240294,0.760492893023271,5.470046713381965,0.011212823473321297,0.9356459845156732,0.9137386402499459,0.34274677131969267,0.07688515919059702,0.923114840809403,0.0,1.0
0.9637105913743221,0.9585171162949171,2.63495491397535,4.260460034778054,4.1601962758054825,1.024572366910018,5.605405039715672,0.014954784208587295,0.9725581807690555,0.7418078908645563,0.12888506270282443,0.0,1.0,0.0,1.0
0.9785762950174469,0.9389627668933845,2.9794250802976108,5.300265952901603,4.9477540424360615,1.3110983673628382,4.5304677817469745,0.012461723221620823,0.9737177052161375,0.7524980803994046,0.19247896358701042,0.0,1.0,0.0,1.0
0.970840217902929,0.9594789375426176,3.2857877144060126,4.01942768228654,4.621901760883457,1.681216473947246,7.588165852597556,0.013336898463498557,0.90343712526818,0.8913641691233591,0.09886403852920603,0.3343312846610281,0.0,0.6656687153389719,1.0
0.9499415214698076,0.9547852521078501,4.697646840352379,3.489108362921157,5.280791032318686,1.1435542283480316,4.991725840662695,0.012064638377243763,0.957286375012183,1.0575440475146924,0.11968069659558851,0.14805275367774123,0.8519472463222588,0.0,1.0
0.9598371471314417,0.9687486443934701,3.239233777242876,7.9358255984514265,6.24300284289308,1.1901382456290568,6.028975012431463,0.012883754302185642,0.9657585675730553,0.6924807260626064,0.16692068875253335,0.425720035792573,0.574279964207427,0.0,1.0
0.970791239012037,0.9531501789400387,3.4557233100392803,6.492499823586167,5.231898785971145,1.286132544906442,3.398764471837343,0.01081398896099587,0.9397988471860491,1.1900577347722758,0.12156942405115898,0.5910429179921755,0.2931431874246223,0.11581389458320222,1.0
0.9735238010472959,0.8716741820486031,4.978733098838884,3.179525744620653,4.782185058345195,1.2662033612265222,4.29056421961149,0.01146474809872467,0.9694907314748824,0.8537639377042021,0.1332186103378975,0.3408810289374833,0.0,0.6591189710625167,1.0
0.9715672454381714,0.9148824791758263,5.305743772497614,3.3997099247251166,5.024629963568374,1.4266922601500234,3.0199284654160508,0.010210925268091446,0.9474774189832277,1.2556085795729572,0.12627765146733522,0.5625775169804398,0.0,0.43742248301956027,1.0
0.9680143220303163,0.9137549246659198,4.024883425961731,1.598797544338133,5.958782425639759,1.6150450134968706,2.4870075362822313,0.013157673365299615,0.9694743358186645,1.094609790986789,0.2170706866153731,0.0,0.9215971764942437,0.07840282350575631,0.0
0.9663593091901551,0.9439536969880005,3.6120574229703974,3.660611886912954,4.408686672188651,0.9852724663834692,4.627259406072778,0.01435163102743733,0.9169213266637414,1.118067663960762,0.0827877584131298,0.5054516000914505,0.3062213803689986,0.18832701953955086,1.0
0.9646196046341164,0.8908881209605528,2.6898316767023918,3.0351116354012984,6.152345952366072,1.109067408561665,3.583646072208742,0.009486391266951937,0.9578046173440022,1.028665088515539,0.15404409522850435,0.49861235243667335,0.4416494335744484,0.05973821398887833,1.0
0.9792567321726178,0.9337969317727086,2.422960359924822,1.5566197834916435,5.2532789286405155,1.268419008637468,4.021931970416006,0.012238600075584936,0.902244708638771,0.8318935238999544,0.23912112312025519,0.6088616188660593,0.0,0.3911383811339408,1.0
0.9844311799923395,0.9209706872999855,2.3602485345902147,3.699108195721247,5.440175595041138,1.4819510412953387,3.8538866716000966,0.013915204925377817,0.9792261266379685,0.7513055465362966,0.29149356275801463,0.0,1.0,0.0,1.0
0.9545454336771716,0.9615213463551031,3.482529301101433,3.125994666638632,4.188825325840535,1.4616302333179572,4.406040092575063,0.013278658936072083,0.9437545684889369,0.8361845506310807,0.09346376980380866,0.1538480093757099,0.8461519906242901,0.0,1.0
0.9725013547069967,0.9549026317886726,3.736615126403259,3.421247768997132,5.715296380187833,1.194807121790622,5.329282907415933,0.01207268387277721,0.9639526194920831,1.3461682581094283,0.18779927770357177,0.0,0.010968991955473156,0.9890310080445268,0.0
0.9591775798999096,0.96836256265557,4.403797334422478,4.515134138021361,5.597190666876749,1.246624215499018,5.072613372950888,0.009660052599280766,0.9408746210547433,0.8215193939895246,0.1431529461175722,0.5665854273624157,0.2163200379179112,0.2170945347196731,1.0
0.9680341122671996,0.9485763979889079,3.6153895689604205,3.1318182801026175,5.161550157094709,1.7812578551414104,6.66338114879254,0.013259213032529589,0.9633823674736635,0.780226022376677,0.1779456008752918,0.44537135687314794,0.030787296572302635,0.5238413465545494,0.0
0.965617077032596,0.9580070022531,0.48549816921932326,3.9359325048049145,4.226169142563375,0.8171309189288893,7.248944263823348,0.010948673889005025,0.9124461364491439,1.0501687102849977,0.08315337720028905,0.4859845485302344,0.0,0.5140154514697657,1.0
0.9659617880876626,0.9139058837449467,1.21102722512157,4.214477419587506,4.2508118218508155,1.2250373710181577,4.713561834481489,0.010361766725889612,0.9476961313675201,1.2301524199102638,0.07186958515460795,0.46245174337689565,0.3664961854493925,0.17105207117371188,1.0
0.9585263533546143,0.9572055886342331,5.702985925159713,4.883507867512051,4.748571761775825,1.4678591860574097,4.14325862732377,0.010568959121597655,0.9420677676570515,1.0308753978940508,0.08709709917912194,0.22306246280562106,0.776937537194379,0.0,1.0
0.9731172677965565,0.9388473802579932,2.5794767119194257,6.515731594458567,6.6107731497962545,1.5013745746040752,4.405652291378821,0.009899132529741313,0.9577533195073927,1.3339310227694787,0.18994075382763795,0.6789769477918309,0.0,0.32102305220816907,1.0
0.9506851689789868,0.955650661866896,1.8750465932461073,2.722420091419072,6.628581517529611,1.1964243058863264,6.403396380218026,0.008615382110151393,0.9400883051936904,0.9265822229792374,0.1810784619010945,0.572610465882464,0.2743456907363222,0.15304384338121377,1.0
0.9737582734801312,0.9463417375941927,3.794789349571251,4.036028378085553,4.865959509416688,0.6947904820348141,3.9932149605294156,0.01182740033873073,0.950202860257292,1.0704497022787895,0.1623393107370082,0.679480627927491,0.0,0.320519372072509,1.0
0.9474092330652509,0.9471248558523766,2.4643276759201065,5.141197260981798,7.342056549667338,1.635986650727463,6.169164229378365,0.01509703966443702,0.9863546703148355,1.0164586503280064,0.239768969752218,0.7305416535349277,0.26945834646507233,0.0,0.0
0.9654119045460507,0.9711127283413883,3.1139917506376946,6.802524503707027,5.773931183119324,0.8121415560822737,5.929653365311655,0.012007634296952993,0.9539305381090127,0.7419594592249076,0.17279392835818969,0.06573557102835192,0.9342644289716481,0.0,1.0
0.9834583636972378,0.9525879085300855,5.0930199776241345,2.978753480392764,4.935276618134516,0.8491595620874839,5.400919539735811,0.010512350481078885,0.9620550531934717,1.0217500252503775,0.1921116851661828,0.0,0.15118168766685544,0.8488183123331445,0.0
0.9789026578925278,0.89615086802872,4.874828283169332,2.5457123509792,3.730310238214746,1.5303570210302608,3.0883244193799486,0.009649774270649652,0.9250381086803059,0.8328744108407438,0.08592431019295835,0.5565196835711688,0.3706326589209175,0.07284765750791371,1.0
0.9553397070971141,0.9635691746953752,2.0617201795762354,3.33522226438712,5.870063946105095,1.129934691066218,4.464418953657314,0.012410316809504655,0.9278709623928656,1.0214902436286883,0.1555083321923388,0.4159388226499121,0.584061177350088,0.0,1.0
0.9637084674942077,0.9420388931700654,5.405624865437651,1.8131172654939505,6.425472414712288,1.2606057042592829,4.635441367426628,0.010245479910944353,0.9521912687464047,0.888550112407005,0.22315103583865054,0.0,0.5880001043110149,0.41199989568898515,0.0
0.9746258464723804,0.9550375688043083,2.2313061163032937,5.650079433415957,5.271718265662507,1.6427791468412658,5.755056399699399,0.009130228866567688,0.9570206606966339,0.8489404022661107,0.18061449748278158,0.16344099105808918,0.8365590089419108,0.0,1.0
0.9629397576544296,0.9531819974416817,6.6432677534687485,3.8556740015798328,3.5343703858155395,1.376530960902678,6.620747718689989,0.014618773910065786,0.9770822189584139,1.2487999099535143,0.0570959351049632,0.0,0.017208323624286547,0.9827916763757134,0.0
0.9557504818648106,0.977137905079385,4.849445077200828,2.529063400485501,4.825231805634945,1.826607307438805,7.1473368977017895,0.010932388202036871,0.956473159074583,1.1182125794003552,0.10759281416165797,0.0,0.733567211419494,0.26643278858050595,0.0
0.9574904446278095,0.9462909874383658,5.515394567920216,3.721325144458647,5.200028811157493,1.2190742624189406,4.396265156611278,0.013042642538766379,0.9519755709138404,1.2132735112114534,0.1134556874271766,0.34182777298240585,0.6581722270175941,0.0,1.0
0.9696418582144254,0.958189340666802,4.5720215905591335,6.136392737093624,3.978901746469092,0.9390371174240612,5.590557176796732,0.009583856309864676,0.9570098516079205,1.1980309828969582,0.09028873363910032,0.31613013625023717,0.0,0.6838698637497629,1.0
0.9749912973638708,0.9497776834102142,3.2024691342629,3.820402335115353,3.846503372351839,1.3558411027568078,5.478197746118513,0.012452632384542278,0.91613309898107,1.00428410925622,0.08898097042243117,0.2272233834505001,0.0,0.7727766165494998,1.0
0.9736252757182905,0.9792485836985566,3.6720056780636394,3.7677231179559563,5.791105173039135,0.9749535032029433,3.8739057740801943,0.015185848354297005,0.9452693096386693,0.8177777120328951,0.25272455017616857,0.0,0.1357876691207457,0.8642123308792543,0.0
0.974704376007418,0.9495713221964625,3.330907420163685,1.9347645523478683,4.678433660891056,0.9269978553208494,4.463484457445235,0.011284297614111424,0.9669347986697161,1.0458179216950314,0.1733720268130615,0.0,0.4379379000679951,0.5620620999320048,0.0
0.9585302534204775,0.9770044873938216,4.472915997663776,3.0991554403530674,6.3824621007820435,1.6481313126056292,5.440869395110757,0.0121192149583184,0.9363387357713356,0.7355310831677261,0.22190566192993835,0.4524072263523309,0.4991448861104125,0.048447887537256665,0.0
0.9836481900810327,0.9420678061207085,3.8110895747543534,3.577683371297966,4.440663742136423,1.8934704439262704,4.007522344154451,0.010819836662496399,0.9250204109886933,1.0391683885220542,0.16056577510241044,0.4582914467712059,0.2381406785740197,0.30356787465477436,1.0
0.957128870510361,0.9682527630867391,1.777846265498122,5.024929126280778,6.498341870481171,0.8814049465858121,3.3126784964198506,0.016372740333436945,0.9440212952587056,0.807049233853427,0.18723746600300825,0.47485686070330463,0.3115112262717752,0.21363191302492016,1.0
0.9752579867484177,0.9261163327759439,6.255414745907187,2.78809376105192,4.698257371711464,1.3938671930745934,3.8608292124403447,0.011816749352325606,0.9106669203956985,1.2074184696453953,0.11006728846358836,0.6925913881953325,0.18869713799235444,0.11871147381231316,1.0
0.9618904495135558,0.9438085737398348,6.9850594432785655,3.904797760012481,5.664674139575999,1.4634905036997519,2.842556653996099,0.012640643939507226,0.9877125215289535,0.9997841432876032,0.1574574371849894,0.0,0.7409280078983654,0.2590719921016345,0.0
0.9717020491141382,0.9719150370736834,2.792935274677805,3.1258649646714414,5.458266774291099,1.3413502932537353,2.492875677768441,0.011302882244476559,0.9548749918079094,1.1841412318033515,0.20886224102758205,0.0,0.9306531434831772,0.06934685651682294,0.0
0.9692068534385466,0.9354408006617666,5.662807431333716,6.929082850587458,4.270351422505637,1.2440406456042008,6.247553089845033,0.009959822575169197,0.9726298030858755,1.2226705716558173,0.08764607511619266,0.35167470610934787,0.0,0.6483252938906522,1.0
0.9600849508890823,0.909528423025194,5.945207143873127,2.9303188534336884,5.157060291756109,1.1062758912470714,4.882244425827009,0.016282829444926393,0.9587656770987387,1.2957029001389289,0.10783957764881762,0.6707855916998253,0.12413735621866026,0.20507705208151444,1.0
0.968996706797276,0.9338819385909773,0.754508467404098,4.280810942429564,5.972803971809977,1.1629061825639742,4.12421510888119,0.014019360453770438,0.9566841670731548,0.8953126889165529,0.19501277984553528,0.5958746405397168,0.4010081786902482,0.0031171807700349796,1.0
0.9711792874897824,0.9318734730210423,4.256364359558272,4.000089824007574,4.113808092426376,0.967948297701716,3.5359865815071143,0.014043892687273362,0.9556077583160653,0.76379284481279,0.10689589962520207,0.571405941403972,0.4074342422759352,0.02115981632009278,1.0
0.9539587274199004,0.9602621930127212,2.746472215361186,3.721850809955548,6.579130661705214,1.3531521997751628,3.03554943122287,0.012127818101506226,0.9110331405157621,1.1971538578353775,0.1372267550981176,0.44441254712851014,0.40447688435580287,0.151110568515687,1.0
0.944217907623618,0.9721587421576993,2.866497493886313,3.403517750182851,4.497698198697322,1.1461217555497747,5.66790905323536,0.013754035169565065,0.9489934678079412,0.8925070107023031,0.09660266914916925,0.6425178585612821,0.2036245648829052,0.1538575765558127,1.0
0.9623184683433127,0.8803839118208328,2.812180993979971,2.0997995679168286,5.41142263264774,1.3956175574440843,5.482226826451797,0.014476268770602114,0.9780877648895157,0.7159049262891437,0.18622495620288998,0.2943084865733349,0.7056915134266651,0.0,1.0
0.955708128543551,0.934599607584203,2.271531342128347,4.316298045960637,5.458335002312194,1.4341147243867707,6.155523929411935,0.009361396851654172,0.9666608466285884,1.101601517529758,0.12129138844193742,0.17131022351625608,0.8286897764837439,0.0,1.0
0.9653575629004855,0.9729299731838637,2.681658893171236,7.10819103353248,4.578043098523145,1.142598259194521,4.721429546110894,0.010929402101455805,0.934995542031225,1.3045620564439866,0.10128102171164957,0.455602123682838,0.0,0.5443978763171621,1.0
0.9635371603334948,0.9425917593862375,3.703909193767914,2.8132297376342787,6.178428399022094,1.5782648770888865,3.2855640422898174,0.012008906283731038,0.9254269994145505,0.9665946561199821,0.1640588038663316,0.5612361961240786,0.24802790948035885,0.19073589439556254,1.0
0.9540148429267272,0.9738829870438696,7.131769802655848,5.327731779389191,6.219895926486637,1.5935718811758224,3.5690247302702365,0.015167563719355303,0.9373128819012926,1.1601980291368466,0.13724501839522987,0.6365700770615538,0.12262888022390095,0.2408010427145453,1.0
0.9624744606886901,0.9762915980552657,2.9131918922092375,6.4983372038102765,7.387453177921578,1.5820124996296112,1.6908333935094206,0.013155126202995087,0.9147509419289249,1.0633534186004634,0.19728061670747482,0.536749263877128,0.22160562647110182,0.24164510965177022,1.0
0.979328035963463,0.929644755851862,2.592956363649401,5.022290195810122,4.936540632596083,0.8900767540155234,5.028620240057251,0.010715146164658396,0.9295542505470434,1.225192783175693,0.12558329560249076,0.214253700773887,0.0,0.7857462992261129,1.0
0.9736407789676774,0.9483427172646287,2.7450081414091603,6.961299570609187,6.806916781068919,1.3177778167867453,6.3184346123111075,0.010034304112667295,0.9370517220494049,0.9355879804617919,0.16174414949480864,0.38130430144606137,0.5536091152754465,0.06508658327849219,1.0
0.9604025763712085,0.9457427786506084,4.5594204590803455,3.1507328805469195,6.054429184377739,0.6862993884050419,2.708849233973158,0.011531991561986919,0.9316810880105937,0.9467263656188776,0.15055029276259754,0.4990825942130112,0.22474455991922687,0.2761728458677619,1.0
0.9647994322133219,0.9373881678980042,4.175729320091978,5.909685819367955,5.446493016733861,1.8609699769042591,5.6814683863310105,0.012161417755225995,0.9589071823222514,1.152047860831645,0.10957602455110431,0.040978634091773984,0.959021365908226,0.0,1.0
0.9639205278066184,0.9447813478403644,4.966373972779563,4.822125932337763,4.883202886141135,1.700389928783474,6.19651906320324,0.00976228874756275,0.9569903287690595,0.8224288675175072,0.10193689460369781,0.48044867107550576,0.47521163195589433,0.044339696968599816,1.0
0.9561557750452532,0.9106989169946761,3.2011819727333126,3.22341606907744,7.022520586544352,1.0708359782265136,3.9505841361916274,0.009620230576505932,0.9679687093730137,0.926561911187082,0.1852458304023779,0.5209084105935397,0.032755857261289684,0.4463357321451708,1.0
0.9743240499952359,0.9212716908967089,5.612474699558006,3.6238655345372903,7.097767633028794,1.6498585657756486,4.261387385794517,0.014241451081592011,0.9237277079393855,1.389166055337801,0.1739736951997756,0.6670569645152423,0.14901532838991238,0.18392770709484538,1.0
0.9507310238917316,0.9815826993344214,1.6425145830923604,4.252690221065954,7.500532092349083,1.6715267437056356,4.630996648616396,0.009592348315838923,0.9461012648846205,1.0188728491389423,0.27768905996161236,0.1952555215958565,0.8047444784041435,0.0,1.0
0.9763970808046412,0.8969099032857212,2.294224728721562,2.5285735252610873,7.069589848201293,1.0816594894404774,2.419024353577401,0.009177029971934019,0.9322643550512402,1.1873198866868202,0.2429941773209353,0.7052290792882134,0.22660359924936804,0.06816732146241854,1.0
0.9684568143419596,0.9568629653120863,3.8875869915858328,4.124845464017369,4.4657291394976415,1.4653853328663773,4.664440970233176,0.009427129256142861,0.9217815591636875,1.0957047836608007,0.09991584423620589,0.26081309272316217,0.7391869072768378,0.0,1.0
0.9802458746608488,0.914596921892358,5.926614787763152,3.1503955364010645,6.298479352629366,1.3550045162895707,4.675555575485447,0.012896635955117898,0.9500808427946176,0.8866531102455562,0.22886897203010642,0.7643981814444767,0.1807002943477659,0.05490152420775748,1.0
0.9592260706162947,0.962429008607603,2.7145404273834584,4.0399948638411,7.514897424509785,0.8527759427118925,6.194647830495807,0.012023674657003835,0.9317782951539966,1.2467025373987861,0.2079535669755181,0.2380212329070762,0.7619787670929238,0.0,1.0
0.9886512939799792,0.8967052618609953,5.470279194812194,2.998356236733094,3.4088916537447007,1.5528526446566997,3.9447315979828437,0.012533101184339287,0.9081707144676451,1.1632944427399745,0.09615994160280844,0.3429202027217805,0.0,0.6570797972782195,1.0
0.9656341741337444,0.9553815068787234,2.9502114512984488,3.037003758284662,7.109748629914356,1.3923592946112269,4.028954760701154,0.009237611151077301,0.9098760699378904,1.017540915233095,0.21345531875088175,0.61559281573953,0.0,0.38440718426047016,1.0
0.9681534974970176,0.9593313312447505,4.844713524129514,2.654363758610443,7.0688071190304935,1.456294060514888,6.136731986434345,0.010731094879457111,0.975981172307706,1.2570302244220355,0.22781593221614987,0.0,0.39169587381368315,0.6083041261863169,0.0
0.9597359238046521,0.9685130950337937,4.06613303298952,8.39824234874279,3.7695597897562174,1.284578417766085,2.8769372395227997,0.01402041321052573,0.9563852125730341,1.1221426814826068,0.0639712492687171,0.37265585004867835,0.6273441499513217,0.0,1.0
0.9821666269062633,0.9032506168628609,5.07639160979099,5.278065158670913,4.977371144480197,1.0385693517751038,5.985319169425532,0.008877919569132565,0.9767378452230681,0.8574728901273851,0.18408097849558636,0.0,1.0,0.0,1.0
0.9848756658379021,0.9668275376058075,2.8623508812833736,3.2281816050638774,7.575018957632526,1.2564737708914704,6.366708941429767,0.009375263907402814,0.9369226910031663,0.9925585069138726,0.4670507118712915,0.0,0.0,1.0,0.0
0.9775622712356435,0.9468115594405928,5.132636150373395,6.0990963322841125,4.498777550100288,0.8931605884462892,7.757781129655318,0.012546440010223788,0.9458343657286604,0.8949777135713411,0.10504219984696761,0.5642092851113628,0.0,0.43579071488863724,1.0
0.9772211741407756,0.9447426612080955,5.444293578333067,8.47828990922603,5.054683678791122,1.4783096959387945,6.182473512460458,0.010743017264055776,0.9536056510497214,0.8573086719360155,0.11350108386477561,0.42388872312700704,0.0,0.5761112768729929,1.0
0.9673914960361697,0.9447991891259986,1.5796109935052356,6.284906652488719,5.9090519682058265,1.4170638693597708,6.004152972689449,0.011334872201122965,0.9405838589320421,1.227075845627733,0.11554431434847708,0.2914731990055985,0.7085268009944016,0.0,1.0
0.9790335515502261,0.923427716547425,3.0755511979081556,5.986462392998347,4.863610617340862,1.60138021067225,6.097293852614705,0.012381260575320283,0.9408417091280663,1.2453352029553844,0.107261983568701,0.10432975451208275,0.0,0.8956702454879172,1.0
0.9742637062067134,0.9496788337140316,5.5458613194523005,3.142259570730525,6.349402074448136,1.2183833147230771,7.195449996662839,0.010526337212611453,0.9354344488616956,0.7071064287486835,0.2148295307945313,0.6901844427065018,0.21020565451731965,0.0996099027761785,1.0
0.9639323153038193,0.9826416130085467,2.5131989065172817,6.3943633773858695,4.44700040867182,1.5853998049439235,4.669580213541838,0.011011739963890712,0.9320699635845688,0.8892220498518693,0.11884376392811756,0.6827534692526509,0.3172465307473492,0.0,1.0
0.9748124003102274,0.959476551223727,5.60539238812666,3.521349353813619,5.601258851726515,1.5582925115720319,5.996945686190182,0.010373210070103814,0.9613238588679721,0.7559216477558716,0.2346004691051637,0.0,0.0,1.0,0.0
0.9713566589337815,0.942717835222647,2.7404715433665916,4.37178000271828,4.3645224278846495,1.2576572947654419,3.546501443784076,0.013175056119345697,0.9280146661193747,1.1213586533928004,0.09616847963861809,0.41224976571576055,0.0,0.5877502342842396,1.0
0.9785862052087987,0.9516414947914587,6.724199622992366,3.4680681248078855,4.055843750495119,1.4342217366953167,6.505457591553436,0.013128490610923617,0.9433529739737503,1.088083714902964,0.11020472589664965,0.0,0.14280535922700738,0.8571946407729927,0.0
0.9658346258172044,0.9209103590423082,6.225269888291023,2.365748321570737,7.188288461628344,1.6270788480232512,6.339443476210609,0.010833485743055704,0.9439798966293632,0.740466310124554,0.20086762974483097,0.5227468545459233,0.277836412144696,0.19941673330938078,1.0
0.9891625119401901,0.9254508332511403,0.9892159587810107,4.663633692453162,5.766800482534425,1.1408451012717147,4.480671877771689,0.014112509435448688,0.9810366866855371,0.8426611159444193,0.3145819689633018,0.0,1.0,0.0,1.0
0.9568015122777762,0.9433937539303484,2.2766717594731873,1.4727899925099206,4.561025948557647,0.676524588774603,4.917696089579504,0.014153341606766134,0.9330828667085638,0.9763143400857845,0.14219826939566427,0.7709790900717837,0.10032424410519436,0.12869666582302197,1.0
0.96676440504597,0.9224823546807102,5.533462146489933,4.861558955019169,5.635433788523764,1.7109552037886553,7.284955620826051,0.013441859898212508,0.9524817438679501,1.3149498780847557,0.10218316723931972,0.4973627646465454,0.0,0.5026372353534545,1.0
0.9858550923632926,0.9038261183318621,3.702444531966191,2.522420489277811,7.466300997650733,1.5977114927303755,4.526186381083312,0.011877180075696925,0.9248584897732726,1.1223337024918836,0.35059679338467997,0.24971259741128807,0.0,0.750287402588712,1.0
0.9649282206165086,0.9248353707480025,6.631263520010196,2.756172331347617,5.430833003215909,1.4156932140408947,2.1873799955068134,0.011168951313634913,0.9647883025506863,0.7883911606465983,0.1708401895901962,0.10573016844733964,0.8942698315526604,0.0,1.0
0.9858476804797749,0.8995891626219525,3.318597318525981,4.60731320552761,5.7909310381022285,1.204130576081421,4.753695245296343,0.01450970582532353,0.9739402794557702,0.7860535849089063,0.27873879894684245,0.0,1.0,0.0,1.0
0.9660107475489202,0.9460273952276496,2.747181505631314,1.3492222083429675,5.580065398283679,1.5353337600052757,3.963032752247962,0.009446256151919906,0.9795739976702934,1.006986239391298,0.21560708226853179,0.0,0.913982676908408,0.08601732309159212,0.0
0.9657557217898561,0.9497783022873529,4.729259026324811,3.1206374239744923,5.5551854945475565,1.5746951120620583,3.0961512319856572,0.010010299758344585,0.9489576299778336,0.950544796782756,0.18035285821245928,0.7376646466392177,0.23525580333883545,0.027079550021946813,1.0
0.9606070428065646,0.9514110420055477,3.6359068468287354,1.605981608513606,5.569442738976293,1.8838431754509477,2.203778184737054,0.011319415363867887,0.9102209631052903,1.2793347709557625,0.17993128556749502,0.0,1.0,0.0,0.0
0.95908634798479,0.9158906539095617,2.0808657416078398,4.492259757566821,6.7766680878003065,1.3639887581245884,4.8832440845993705,0.016635439005964196,0.9704039767341952,1.2422892044130294,0.168288417808521,0.28135882994337963,0.7186411700566203,0.0,1.0
0.9805532062558895,0.9350877340144162,3.055693554999162,4.102537968734169,4.078803169411065,1.4119719113710705,3.879136431551836,0.011276058410686636,0.9179451042025717,1.12987817692831,0.10846403410909776,0.22052348623051407,0.0,0.779476513769486,1.0
0.9595543339922569,0.9831973645724608,4.971738267211935,6.200406913105242,5.874799963652025,1.3895646096478627,2.009949145833551,0.015368740597883951,0.9242987142953961,0.9937832396528747,0.16555733944166837,0.2400428518605549,0.759957148139445,0.0,1.0
0.9788351189437904,0.9346360714627845,4.210184322125899,5.947000411124989,5.356968024798158,0.7661039711281105,3.7243669161778428,0.010067890242569849,0.9768888649437638,0.7121804851773229,0.19790038695186815,0.6801854356535031,0.3198145643464969,0.0,1.0
0.9752264702740826,0.962472399750402,4.766055578446808,4.5237804671928785,4.335253225411474,1.245812233254397,5.285223084312801,0.014886496999258649,0.9007741295849083,1.2585281670177766,0.10619610138464616,0.0,0.9969500384393251,0.0030499615606748923,1.0
0.9784002196678813,0.9484194380817526,1.3233002516526844,2.914405443482643,4.43783497460809,1.480118213620969,1.6180787840214492,0.015026251517555293,0.9144734353865539,1.047517104108683,0.1768180646073491,0.07099312877546973,0.9290068712245303,0.0,1.0
0.9776854276448608,0.9502482882149286,2.557881638852716,5.582729258682634,5.039984888698166,1.2876926942574074,3.610196112375087,0.014775992402837772,0.9603398968147172,0.9475473467606222,0.19331313761839805,0.7808093130807419,0.21919068691925808,0.0,1.0
0.9606563395893487,0.972751417221883,6.231834566141853,3.601358323861965,4.416507317291718,1.482956130841028,4.096310817400298,0.009766744633971465,0.9229276274708629,0.723595514865304,0.10336700884004696,0.5902478125678092,0.28591209444020105,0.12384009299198964,1.0
0.9547628401607172,0.9760078607116772,7.814579460357588,7.272741647148781,4.918536149682781,0.6772165015789874,5.8167768629921195,0.009683130393814434,0.9364480840036329,1.0598152419302087,0.07878208685627872,0.4554675911012317,0.18750835657524645,0.3570240523235218,1.0
0.9624130677192982,0.9538220159862296,2.1788607085773153,3.909946887486731,5.176650296672064,1.6853932205660749,2.788462904199019,0.015145983660780564,0.9250968256011464,1.2363176459650553,0.11783403383038796,0.532160821192105,0.0,0.46783917880789505,1.0
0.9597893241801118,0.9657270220526205,2.2072991838889413,2.6464667794298062,4.459492568286686,1.6543251313104932,3.981950961620893,0.014869807580724212,0.944840535823724,1.1378965924063495,0.13701537544085887,0.0,1.0,0.0,0.0
0.9643692257844861,0.9477471720164755,2.637003067056334,2.3516622364367636,5.436469883193434,1.7272598188163928,2.9298740655847144,0.011556236767456957,0.9414851714094137,1.0092514325450055,0.19234175105112697,0.31958456706881233,0.6804154329311877,0.0,1.0
0.9725240705937359,0.8873009431149158,3.0238534712802663,3.7470242694245144,4.305595486512394,0.6730062983811824,5.235759903649719,0.013982979153879202,0.9717934755946452,0.99251562205487,0.11873853186836526,0.057838882018864335,0.9421611179811357,0.0,1.0
0.9723222464389651,0.9520340992717377,3.3441972710357115,2.2018299997812063,5.405604444935642,0.9426903933953013,7.269994682302986,0.012665081634123724,0.9543107589773839,0.6679037414985012,0.23586804034954786,0.0,0.6240747827061849,0.3759252172938151,0.0
0.9618137317765934,0.9660669459004435,3.0201081670185213,1.8047961491093978,5.7815678432181,1.523179351116707,3.8675870259548515,0.013862692482777713,0.9634935474381363,1.1061431329636848,0.19937649906937657,0.4214997988215645,0.5785002011784355,0.0,0.0
0.974246312204694,0.9535755585744884,5.66496594624695,1.416670601690459,3.3667045558844304,1.6195261951274262,6.216438980687603,0.012626561242062479,0.9087290638842896,1.0132837621814534,0.08014842478052597,0.0,0.0,1.0,0.0
0.9557042889816729,0.9814898574050207,4.027382853887959,2.8300731794149776,4.697243336564452,1.5071709227240144,6.181402064507816,0.008750233464603302,0.9121343960916953,0.6389257496963342,0.12599802017939224,0.680655965592438,0.0,0.31934403440756187,1.0
0.9868338534479831,0.8917686102786733,4.180559856108607,4.932004024834933,5.555272913103723,1.3717692816164528,3.6443097140766727,0.011618026133238278,0.9609732733256596,1.0746959294943632,0.2244954382405967,0.42501696581345055,0.0,0.5749830341865494,1.0
0.9657758087085294,0.9439466005219774,6.8710897747401525,3.1337852384345943,6.080223035448382,0.8114161302684129,2.2402350301098464,0.01114863382756267,0.9541948057408582,1.0100489202473089,0.19194991568513098,0.0,0.9393465422836311,0.06065345771636886,0.0
0.9700338040439931,0.9457838673291896,1.2574146117101848,3.1833696133376446,6.449476748257279,1.3223019070318882,5.486778929361362,0.011901269261914512,0.939260893261157,1.0923719643660044,0.23534625022083702,0.15548620053359266,0.8445137994664074,0.0,1.0
0.9597950332823642,0.9876728910413756,2.1370168988294087,4.900532867814764,3.6534484196475576,1.227559239739313,4.3750774802473344,0.011804374146685958,0.97083077722465,1.1521949201134538,0.08726312006885696,0.20193430071233742,0.7980656992876626,0.0,0.0
0.9841131571255983,0.9274630988312398,5.990916336468354,4.12523308644339,4.191985278454402,1.5674656806486291,4.206264259823051,0.008106341276026977,0.9065861647763328,0.8757057120469849,0.10678492230891136,0.29165224667842116,0.0,0.7083477533215788,1.0
0.986422664029497,0.9421331734481605,3.0986461154127936,1.501101753839307,6.230996495351609,1.4963222909356015,3.057452002306101,0.012488554353683321,0.9120182382093646,0.7508744145668196,0.3974939790582455,0.0,0.0,1.0,0.0
0.9714167146466254,0.92451111171458,6.54853027562186,2.6961048594395134,7.319190709827672,0.7994004426267713,7.028025569655929,0.0088290172128684,0.9257091734263996,0.9424850825875379,0.19678240968176633,0.5868803209732986,0.27762371082431897,0.13549596820238255,1.0
0.9631570030385542,0.8848383976557859,1.7624624435824896,3.273895535401227,5.968092338217296,1.6196622730085293,6.175278006336106,0.011298648276084254,0.97808645251806,0.7230853285346269,0.18067969749202817,0.18979497732287842,0.8102050226771216,0.0,1.0
0.9636399610935028,0.922948836931824,2.242084684689332,3.484682576581556,4.527868939375345,1.6900086053924064,3.7671569377597662,0.014947415182355199,0.9785166985779056,1.107976808085266,0.14009186417524175,0.7037316894789539,0.2962683105210461,0.0,0.0
0.9664149344912744,0.9375916321249362,2.818768753435429,2.8705079235380877,4.12753202902587,1.1948015026869072,5.000117073283028,0.01579866080346664,0.9168795939735728,0.9964332930829611,0.08115267387719129,0.516619257353861,0.43856371150333023,0.04481703114280875,1.0
0.9572125635804585,0.9571053485995538,3.477115611003379,4.220243096558909,3.440423556321941,1.375465989862916,2.530285971934093,0.013465826284280034,0.9473732975424238,0.7396919483349274,0.06090305945818875,0.12739349203481537,0.8726065079651847,0.0,1.0
0.9857111436868333,0.939893552875267,3.6933083119920456,6.6714261083214215,5.695140712194656,1.8219389761148297,4.86007740490929,0.009453185868542217,0.9542287211058988,1.0747277331279808,0.21870464878877913,0.0,1.0,0.0,1.0
0.9691324104819441,0.9522407862400707,1.3744206531425713,4.194070900613557,6.836857429219899,0.9705551133979826,4.972509591190387,0.012284410759895944,0.9455043881278601,1.0891698644721926,0.2460193323240424,0.7385541429636149,0.11588447375937505,0.14556138327701013,1.0
0.9537645344096009,0.9328756137432208,6.452392666115552,3.0577998182183457,6.08163962973936,1.8559152183523946,3.8783453940943398,0.011542255984633047,0.9554179718056756,0.9494251234407987,0.1294259216007493,0.5026060225536851,0.15980399647059193,0.33758998097572285,1.0
0.9538126185979072,0.9621234656414672,3.5304759742416136,3.4689867570283406,6.086742608430112,1.502704566767627,1.6868518163428416,0.013576089045586942,0.9387414120721184,1.036484979001377,0.16512327279325695,0.28561555021738816,0.7143844497826118,0.0,1.0
0.9705425061050705,0.9352654861019882,0.9813870267612492,4.915624490886496,4.44511802059546,1.43493784724837,1.418608595151682,0.013138809841414727,0.9447208061565453,0.8972345459013621,0.10750052983759521,0.28046216728746326,0.7195378327125367,0.0,1.0
0.9558739533841355,0.9401284448018485,2.833312157577332,3.4888295417461377,4.613511228278641,0.922790126219966,3.644211109574766,0.008200364073138414,0.9461073677838645,1.0265879582733113,0.09041037779793834,0.4668166105366942,0.22628897079933713,0.30689441866396866,1.0
0.9652968905794783,0.9218162486249788,2.106173994720326,1.865957035729763,6.288140555350396,1.5608076229112862,6.2446484245287985,0.010163405088707791,0.9439863971578237,1.0820522291773556,0.2177410988373961,0.7828198717186884,0.014866303131572675,0.20231382514973897,1.0
0.9755487759299375,0.9454722925416548,5.870701088904255,6.612552352893193,4.899837681301163,0.7855719380755133,4.973431319278941,0.012346219780632169,0.9664421150848471,0.8460890459494133,0.1483277916793395,0.02252092111632698,0.977479078883673,0.0,1.0
0.9689575463591326,0.9767955003525715,4.786568724901804,3.7141206574020593,4.673256348384626,1.4901711766678334,3.699632051814329,0.008322738706308029,0.9039519449147956,0.7845024117816402,0.14377623249272092,0.6200722466365758,0.0,0.3799277533634242,1.0
0.9638989447768148,0.9698375062714316,7.182272998452134,7.680013367859229,4.096927622248987,1.4772741056475411,6.920376146127774,0.013781013557079759,0.9660290743468982,1.2351281418425917,0.0734839821576502,0.0,0.03781618989763009,0.96218381010237,0.0
0.9692819531393844,0.9743978621410808,5.776271835905492,5.724933909084614,5.946481691411875,1.0514054292430015,3.558997603711276,0.01294563543506697,0.9767075254484417,0.8124541257041658,0.19935178781080168,0.7075115826909704,0.2924884173090297,0.0,1.0
0.9703046706153162,0.9562675758945907,7.591953672811571,1.8911879070790556,5.440347588455143,1.6725074991840496,4.712772856919278,0.013146085981521824,0.9583997802066303,1.0626985464972585,0.15642658580586455,0.0,0.22016944780194567,0.7798305521980543,0.0
0.9720600294498475,0.9087570526833175,1.4567031244232929,3.686500231759232,6.360095436800197,1.4038175224709861,4.0240788372667815,0.014784383758089452,0.9537474593120714,0.9714055600510708,0.1902474558239471,0.46570408102256255,0.0,0.5342959189774373,1.0
0.9600222138573459,0.9427067867637111,3.1296884932031848,4.857368655910869,4.9290150746401675,1.8888001515275643,5.612360072499415,0.009716920923478516,0.9503611065186776,1.1896945851295853,0.08706146994070744,0.39845931813833624,0.6015406818616637,0.0,1.0
0.9698664054700223,0.9220312461147047,6.757203405196585,2.247405336044037,4.591226905975161,0.9543811593563569,6.641919498332644,0.012789680182412787,0.9357828241121164,0.9706804424228175,0.10605128750509382,0.707984112545625,0.07954287774295378,0.21247300971142122,1.0
0.9700105549317009,0.9642792970905937,2.8710434113228254,7.731259607175517,7.490796083500316,0.9664501466508488,3.8931681660781248,0.012714544638447522,0.9550001526696749,1.1559490692029197,0.2458399620288348,0.13586411330512096,0.8641358866948791,0.0,1.0
0.966915713976759,0.9783120518484554,5.117485816791371,6.676626227299499,4.990854529470509,1.636107884667955,6.290530455092399,0.01631094025262737,0.9422659579090489,0.9616252043756057,0.13069728933363145,0.0,1.0,0.0,1.0
0.9638131814663642,0.9584737518698078,5.9528981657224165,2.841184505977503,3.077208818001259,1.6065479651637014,4.515824577139572,0.009321646693327528,0.9072265131042508,0.7316419450480037,0.042652875153860355,0.4635633996353358,0.16810657158815415,0.3683300287765101,1.0
0.9552362280805733,0.9533449471908719,1.3084600169853802,3.1418906243919515,7.142789322677139,1.295535223139112,3.959577688162323,0.011488879644916999,0.9519149487396347,0.8684245046122387,0.23809610357156702,0.19918955506231004,0.80081044493769,0.0,1.0
0.9801454889433594,0.9266159469067818,4.831733733453218,3.086741310996282,7.5101058289226135,0.7269652500345709,3.755073984997476,0.013662064796689632,0.9635856578413183,0.8279765009476228,0.3892841758120778,0.0,0.3241255916418672,0.6758744083581328,0.0
0.9620277696511218,0.9687840352148231,4.278184940728359,1.9364121982898475,5.506992966269884,1.5242505081605962,4.468706607827508,0.014789363720837258,0.9230710746748964,0.7976337120255685,0.20965278495475081,0.0,0.999754596854999,0.00024540314500107906,0.0
0.9590488404247643,0.9139483432552248,1.6224024453470776,2.669230788675358,6.438147419476357,1.0465204671649873,4.451530468246777,0.007533502567071016,0.9571907414236466,1.122009106370704,0.18316723754792244,0.639700611708292,0.16769776994988067,0.19260161834182737,1.0
0.9791262910682961,0.9530510624381278,1.0261540913234846,2.8133395692699477,4.844099809016056,1.512429340052325,6.054670017173729,0.010381808127098503,0.9353360358044885,1.0540404799561325,0.21111867483662602,0.0,0.6885251247676855,0.31147487523231454,0.0
0.9819892285537732,0.9168186350237152,3.106440857797786,7.7448482142264,6.816464450485719,1.6944672419048068,2.721849730843371,0.009846008803181967,0.9440002567055432,1.0337437780135605,0.1704640845360828,0.43013648970869106,0.5063017267264814,0.06356178356482749,1.0
0.9636141408230326,0.9854308259177076,2.9932598918576097,3.186001250827461,3.8174281943273645,1.6031355682056474,3.1319004521971823,0.01154563398712036,0.9432993805211322,0.8360923342499383,0.1151657256209478,0.0,0.9005470269687961,0.099452973031204,0.0
0.9685931250276725,0.934515325240107,5.199071266669317,2.6217345981967535,4.126745679523397,1.3745294958598657,6.155831928155809,0.008843827771074944,0.9402032196176056,1.3288992680339424,0.09412103765403383,0.0,0.5160819045982098,0.48391809540179026,0.0
0.9738161961320134,0.9641632983386161,4.237240162815175,6.074710265631264,4.254133668560171,1.4478756652237585,3.654595660247973,0.013631759878618362,0.9344540042330731,0.6861357232186287,0.10885603409798254,0.47141328034311497,0.0,0.5285867196568851,1.0
0.9594774513396438,0.9339803209915825,2.8018041337158612,3.397950122636031,7.1210455888536055,1.3758766697077938,4.0755974055249,0.014461881140915296,0.951329185541794,1.0508579439075496,0.18973567053401838,0.5657886823498782,0.0,0.43421131765012183,1.0
0.9802182567490497,0.939929372514735,4.317657407532492,4.819387196820734,5.178638893664537,0.8694340839946024,4.463675886380782,0.011137692741730827,0.9404498173977824,1.0160030590686728,0.1671555651927218,0.6938927704485032,0.0,0.3061072295514968,1.0
0.9595687133055355,0.9576644357279767,3.60760548895571,3.911237593405617,4.624531160123291,1.2973532270393404,5.110055822716774,0.013596428737454487,0.9670793084657952,0.7828295421102582,0.13051732097940472,0.41902075375570763,0.5809792462442923,0.0,1.0
0.9583963479265929,0.9368252284715243,3.698412456834748,2.6229967703701362,5.568900733267204,1.1154701791409447,7.094232777103868,0.013943159539578042,0.9812002453405018,0.6280017398187174,0.19840413437930174,0.12325271350608884,0.6932840845642461,0.1834632019296651,0.0
0.9631221564959709,0.9795204947112778,3.976428325189639,4.256411727528331,4.966938462850692,0.9232814199362716,3.1064343892292308,0.011250499576775966,0.9591169784909196,0.7143700780046683,0.1789181551455374,0.7403626390804913,0.25963736091950873,0.0,1.0
0.976178581478782,0.9076489051017366,3.7502503586355367,3.211045754436241,6.19946107289212,1.764014528857687,5.2295748775345,0.010200724448864225,0.9671591459356214,0.9836190875888886,0.24263790534651417,0.4739111108894084,0.30637667320626577,0.2197122159043259,1.0
0.9758918461645439,0.890030968238389,3.7748857953803787,3.4389955828542123,4.482809173789336,1.6182706862219873,5.930078408223048,0.010187014347699598,0.9469184482968585,1.265053073935722,0.09395895924610181,0.6903262384422962,0.051242817507219186,0.2584309440504846,1.0
0.9647870890516536,0.9544686975373493,3.6362189795914768,3.464790824028843,5.258737930287391,1.4609665714373126,6.0091118437311595,0.012564652978883107,0.9298366618993136,1.0555911659089703,0.12981088778250513,0.32415534311413496,0.0,0.675844656885865,1.0
0.9618223203594385,0.9300044348239512,4.678425005454713,7.60810665466696,3.945837751279946,1.1183757722114698,3.366356373430818,0.01128132428987112,0.9862684573449271,0.9432859760666572,0.0845470279793135,0.6279021959957376,0.37209780400426246,0.0,1.0
0.9545147191058385,0.9603669386507531,4.231758754156985,4.974428280550322,6.312437349916592,1.6600395767637026,7.285476844247538,0.011269495520131546,0.9561091333445807,0.7469469302580118,0.1411461721436373,0.3734036485572404,0.48093436378714843,0.1456619876556111,1.0
0.9797438992436057,0.8790412202718292,4.508941677321923,1.9493004269527576,3.8902548022792574,1.7741849657499555,4.331811874935171,0.01082852981050378,0.9639385574856512,0.858540578040818,0.14539941219351382,0.0,0.07430806430563842,0.9256919356943616,0.0
0.9797507851688124,0.9014814037514003,2.734659087544783,4.503819696913433,4.5225492937928164,0.8720302052687164,2.1303053258920577,0.012844412871886188,0.9578202265440263,1.2641160551619286,0.14150084703719096,0.7555680692351969,0.20667342177019563,0.03775850899460749,1.0
0.9512644520082466,0.9568901610317916,2.071119095232586,2.4948147219829355,5.160643899252255,1.5764970029189949,5.395889431596471,0.00976331872561825,0.9719534075739867,0.8428068576691397,0.16912053291509319,0.7604515095402209,0.2332254146303115,0.006323075829467724,0.0
0.9656343167842513,0.9749211868591695,6.493817307925076,3.620183044674377,5.567461698322015,1.5403989683644692,5.521877905382182,0.013476019734671538,0.9408894632189392,0.9132467945437073,0.16474981470241157,0.0,0.47601358849326947,0.5239864115067304,0.0
0.9650789383304073,0.9308046834103902,5.205997313571091,2.9297860566764595,5.549892504530965,1.2424633982120779,3.704040193712938,0.01255250494053849,0.9329218947389886,0.9003778314610975,0.12981641705459143,0.46892025367010887,0.4077039412310878,0.12337580509880343,1.0
0.9616108600015605,0.9120416232405296,2.1837738761368235,1.5373525303560283,5.090199846415569,1.4786115231055037,2.898859945483698,0.014403821834408559,0.9582906425507455,1.0832826572624739,0.18771721791511434,0.7873642546074049,0.21263574539259517,0.0,0.0
0.9690557680779044,0.9105871113667388,2.4223547851185403,1.5429592969405266,4.50688913227124,1.31150419338366,4.45340526399444,0.011828814804191123,0.9368278770762732,1.1830976602151666,0.14450921554121257,0.6773934521754473,0.3145845667035009,0.008021981121051866,1.0
0.9691863031305722,0.9245624532104306,3.991192028316105,3.6243264053542887,5.296007130692472,1.3459681721570225,6.7281670265769415,0.014437082104273087,0.9378439511618611,0.890853543807764,0.11020852513998014,0.4072164864582775,0.3273770892666771,0.2654064242750454,1.0
0.9646859480185564,0.9523415067442462,0.9315267688894657,6.2712463472103135,5.982567625766405,1.421697273171189,2.2839723266358636,0.015737650151218786,0.9720597768830704,0.9011713675593462,0.2097618363258492,0.13955866806235367,0.8604413319376463,0.0,1.0
0.9594586192582084,0.9733074256770153,2.1605190814670188,4.790928812540014,5.044299707389721,1.6386713302448868,2.9275212338377683,0.012241092412041604,0.9194916120635794,1.2167747397922748,0.12726612793818265,0.6652479205725571,0.2777904907709258,0.05696158865651705,1.0
0.9747676506967775,0.9138572796481479,4.339079348469537,4.539475921733769,5.76757484301003,1.6486013533368573,4.82976337785135,0.013016292126676994,0.959499295247034,1.1022055153255907,0.1648440830017157,0.010257793737449984,0.9897422062625499,0.0,1.0
0.966078494805539,0.9173911040401518,4.790785571935242,3.9514767429503834,4.819926190193788,0.8488463900413883,2.994972216762772,0.011904965195586252,0.9714626668035481,0.7261623681916195,0.13556174679552976,0.5569952921182783,0.34973450812846996,0.09327019975325174,1.0
0.9745120406747649,0.9433997149835718,7.428590197512355,1.1938316373523468,4.332565458705861,0.9474650270593561,7.368079173015304,0.011282329896432164,0.9511564184599515,1.1367566727462355,0.13452932812405136,0.0,0.0,1.0,0.0
0.9695368800013658,0.9470793851733069,5.2451554646902565,3.644008426423044,5.285803651947681,1.1636866009389943,5.3145963061387596,0.011478247592405377,0.9595604886775331,0.837550038014071,0.17062564216936998,0.5849830359552081,0.0,0.41501696404479205,1.0
0.9856123287413875,0.9114414485124913,2.79975563362019,3.0835645443060624,4.219511860847743,0.9825231782072162,2.395206646997844,0.01245953248881674,0.9036168727494029,0.7607540937251676,0.13789489586333595,0.5178671161737786,0.0,0.48213288382622144,1.0
0.9602147280522231,0.9758643253425029,3.193123258894464,3.4297388060404224,6.8741219465984145,1.421874778966557,5.28825767300813,0.007609864878342892,0.9577415447474749,1.2647810254703888,0.2243056099802092,0.05617058069725413,0.9438294193027459,0.0,0.0
0.9627980545790689,0.9296312131498007,7.317910314346738,2.6331013254229503,6.682155885312136,1.1000292222609287,4.884889238156809,0.015534780077325727,0.9689067096355546,1.0658050807253328,0.19005989177430507,0.0,0.37889972553883244,0.6211002744611676,0.0
0.9628547094163963,0.9529211603667729,4.16092699557425,5.735730864056873,6.26885280222154,1.2480212822551011,1.2589672132221887,0.011913239084538696,0.960961325763822,0.9532682655199873,0.1766091697582363,0.5978567688093708,0.05029792293615198,0.3518453082544773,1.0
0.963316776729979,0.9726478140073556,5.173549549275327,4.140137162960549,5.947345161462842,1.4059165367199606,4.6385137493451625,0.013505529922252601,0.8906719891196592,0.8825337106012392,0.1420098569725527,0.28894958993002934,0.7110504100699706,0.0,1.0
0.9471190015505855,0.9730309556142345,3.306387031125543,3.8363769928109397,5.07598929216109,1.8238696080998154,5.799678170650415,0.010698882979733338,0.9601543714102948,0.9741107795490107,0.12393333928543156,0.5083654188409169,0.49163458115908304,0.0,0.0
0.9628241937971834,0.9309884901827178,6.623006914082879,6.403011319040358,5.676273425017776,1.1777213183492081,4.870463591001878,0.008599932689926789,0.9826902990078148,0.8263172395414135,0.15059773629051737,0.09748571457212458,0.9025142854278754,0.0,1.0
0.94997978527654,0.9433097729256772,6.538200538847584,1.6102754578424108,4.1396380011688505,1.5664768581339352,3.515101161522604,0.012861504908774107,0.9503098521434475,0.9165025944516234,0.08571129056062853,0.056183215275022576,0.9438167847249774,0.0,0.0
0.9774113721898556,0.9603045747220939,0.28262563409491226,3.078420652433068,6.177905890215248,1.6073422495505563,6.83248793914364,0.015679842328647126,0.9029902908660586,0.9315094850240081,0.2656212522212499,0.0,0.9327589189625894,0.0672410810374106,1.0
0.9523206657407343,0.9525299954186093,5.030404238188099,4.196012167002114,4.104977423772586,1.5009997831306858,3.6111997028472436,0.009040442368550143,0.9581754832294878,0.8911659994361053,0.07311509749427854,0.11447069058008523,0.8855293094199148,0.0,1.0
0.9620193290515493,0.8958878578912977,6.5159611580947665,5.840055327040775,6.8440583959572585,1.46463099426083,7.134460760984416,0.013583012481196819,0.9838510404566534,0.7973578261196771,0.15912032073037288,0.45347233037208934,0.20733982361092232,0.33918784601698826,1.0
0.9759920729792276,0.9390540262370841,3.8115028375139213,2.4480642482638917,4.165205141028476,1.361114459580348,7.692305547509275,0.013297998383538841,0.9271904885932291,1.0126740639334184,0.12170173810805446,0.2620284456297912,0.0,0.7379715543702088,1.0
0.9463718224153099,0.9585573581181105,2.758551401221213,3.416662332726677,6.366742102177216,1.1634583448998121,6.139111607050186,0.008657000396330728,0.9236839744987875,1.2801300732728882,0.11885244929510118,0.4741216028401262,0.4390306432597589,0.08684775390011486,1.0
0.9785613491138926,0.9514488856865758,0.9887862874640116,7.738764446055444,5.050858999348133,1.4934013630835654,3.567426853312674,0.00861328031443964,0.8956900075737102,1.2571487841579942,0.09457819198315794,0.2680349489107561,0.0,0.7319650510892438,1.0
0.982693458158951,0.9614159446347956,3.57138600779885,9.192380906068593,3.2299236837224545,1.3856989811622977,3.5877022867282586,0.013795791932937061,0.9572289624417513,0.8121602897978062,0.07233564054019614,0.0,1.0,0.0,1.0
0.9577811772637742,0.885990782673199,2.1034710303739463,5.243078228711602,4.095341205056658,1.503278578844508,2.801385596931379,0.008417853935424217,0.9870160257298708,1.080550565895157,0.09053591239728213,0.6579053565608698,0.11420683671123796,0.2278878067278922,1.0
0.9716714868497707,0.9462408809399493,1.7863621367215632,2.9815251938803153,7.219613679923913,1.4283652760584755,5.0794518356519225,0.013239923569819591,0.9614318253477386,0.6574663482549321,0.36004545112787595,0.4383887306018826,0.0,0.5616112693981175,1.0
0.9619254888612561,0.980997706200216,3.7656006729183504,5.250155310158669,4.202880577854626,1.133651078178055,4.014205522305137,0.010569391967182748,0.9008027944601599,1.1650552468759454,0.09280761576863292,0.6700741885056403,0.0,0.32992581149435973,1.0
0.9807379555395258,0.9605908338006297,3.8740512392516075,7.8180587439257625,6.91713907790531,1.4701953428890042,7.256742149707079,0.007410538517559426,0.9759068556189177,0.8803041249191224,0.2380820021436275,0.0,1.0,0.0,1.0
0.9703034831275155,0.9355975647689815,3.842842622052429,1.1621398588806124,4.390752089709007,0.9033600794413493,3.739577037361385,0.013566067966424015,0.919104073541589,1.1204240300576078,0.16250021952724725,0.0,1.0,0.0,0.0
0.957003838997845,0.9617035220587498,2.2178873803193655,3.9154845815166563,7.753709131488425,0.830009009149817,5.204206449654631,0.015902896257992363,0.9350868595037001,0.7804801898686,0.22011884380934976,0.27748469629072015,0.7225153037092799,0.0,1.0
0.971903884214724,0.9000396747172872,1.5246469853174798,3.155787990183672,6.892323073612596,1.2833947101030534,7.538731947069644,0.0127751877326246,0.9670010329119562,1.1932177346470845,0.25412217274369503,0.13448502330372905,0.8655149766962709,0.0,1.0
0.9508098889234295,0.96858512144246,4.059309886241337,2.297375359864794,4.5821399366720446,1.4473569562686754,5.50745802953697,0.015243180636145458,0.9181208477786607,0.9421845201485024,0.10315633481235152,0.5202521852062812,0.47974781479371886,0.0,1.0
0.9850889029770671,0.9371242487463064,4.351979137548032,2.8616667958701467,6.367428524417494,1.0927304065690944,2.0523792649713544,0.009994925411407866,0.9612064557870537,0.8177951331827842,0.3925189328507029,0.0,0.0,1.0,0.0
0.977949514407017,0.9335910559257918,6.009159538459503,4.9281190678285585,7.243935584528109,1.4372463418671053,3.843625786731104,0.011759491356385599,0.961331595647348,0.9971449851669678,0.27383217805194976,0.3964786044925958,0.0,0.6035213955074041,1.0
0.9694001402889783,0.8996422263669951,3.305571698847224,2.760235855913831,6.4348643643243735,1.3170763027562424,3.7812568972207417,0.012563116588839756,0.9711804076729599,1.1159592369463183,0.24761509383755861,0.038372209588589626,0.9292761644388688,0.032351625972541605,0.0
0.9775400182557642,0.9552675564941483,2.402413340532931,1.9558488865963528,6.542106776268477,1.4030535797017083,2.3480492583176695,0.012198973466897156,0.8983240476125512,0.9641449193951204,0.32735630577664515,0.07365738780651143,0.803375449251913,0.12296716294157564,0.0
0.9745069425994233,0.9383176936738413,1.4082551449519094,2.8513768675538045,7.161149488446535,0.8839152243631156,5.697700543841368,0.012199121637897756,0.9297225180697719,1.108428935368136,0.2827234402328441,0.31996666513330074,0.0,0.6800333348666994,1.0
0.9686764500692612,0.9708057856241062,6.263824411732868,2.8236764233687746,3.803209301716909,1.1338107201059602,2.072926717874118,0.009473969081280283,0.9313196134569349,1.1430161211283096,0.09555764110069827,0.0,0.7648185282271911,0.23518147177280885,0.0
0.9524631685133482,0.9357632068166502,3.6608278719893086,1.2991506881214345,5.630121550383752,1.122890392630374,6.127881165204574,0.009978632849433176,0.9742690449393823,0.9520925200924226,0.17446788297698693,0.0,1.0,0.0,0.0
0.9711914620470888,0.9179501923814573,4.684753685744492,4.548782327739804,4.4624442501551425,1.1814525308724744,5.669382828651067,0.009026922261332037,0.965353136580764,1.1331943909394064,0.10313121752152517,0.7061404927251189,0.21786252286936192,0.0759969844055192,1.0
0.9590927119768577,0.979668027517343,3.05988199362986,3.6238407474976055,6.0646433160668,1.573670907859289,6.189944650649206,0.008454633886457275,0.9322212195614705,0.8344759560442958,0.20992771586566333,0.3831221388733905,0.6168778611266095,0.0,1.0
0.9702145083379324,0.8708080603763386,5.574843402109284,3.075079610428956,6.880754097110007,1.0598265472622792,5.600757946123963,0.011213451448724267,0.9613106774093888,0.8487008285821045,0.1733046957794972,0.43551976688834393,0.4178677693701854,0.1466124637414707,1.0
0.9598454594822609,0.9481503024779208,3.07951222330812,2.998454115861713,4.189184926116369,0.8914888142125519,2.5221973517110885,0.012527054594247543,0.9410748167543719,1.0660848762011437,0.10295807828576548,0.500023273605285,0.49997672639471497,0.0,1.0
0.973697127621638,0.9347746570170594,4.032413810083563,2.890804034693372,5.53013472966761,1.4727848650383388,3.2024438123990273,0.010292280804886743,0.9323534062552734,0.8784328289457175,0.18015982997212576,0.3990343485833156,0.0,0.6009656514166845,1.0
0.9567972320804818,0.9634349224611709,5.590133043507245,5.825282204481276,7.189542643230093,1.7522053207809465,4.916323881538024,0.01202449221000109,0.9559458093340497,0.8803316891568044,0.17112976401177216,0.48349440989738535,0.18820039914785205,0.3283051909547626,1.0
0.9713906626555797,0.9712810477961684,4.0329776079342405,4.42045818039167,3.8573304581686085,1.3227623615341142,3.8656911989924123,0.011573122451714615,0.8997549578620467,1.2372460464014594,0.0912539016405852,0.7694506023758096,0.08573798398747004,0.14481141363672045,1.0
0.9704877308440147,0.9607367752538566,2.656080042957315,4.499077834129344,5.0181748801860255,1.5645220882301998,5.956665791085992,0.012701616336259977,0.9573578267802197,0.8846015370692555,0.17440384052589,0.1809031982150725,0.8190968017849276,0.0,1.0
0.9754824045407264,0.9092214821352413,6.7855710606352115,2.443923206069315,4.743577344961505,1.4120285501036518,5.752418758401758,0.01613822562072825,0.957521817594786,0.8867511594736849,0.152699008464817,0.035454117950613075,0.10266331925627908,0.8618825627931078,0.0
0.9669264083440607,0.9702457490284337,4.621555205323103,4.130229996067348,4.597635795604539,1.6198600754027628,4.141647518804089,0.012515863322988503,0.9441536164829005,1.2484624787490026,0.12160121067282431,0.0,0.7697813345903827,0.23021866540961744,0.0
0.9727186661386336,0.9604232012024365,1.4668716364362837,4.513597020136363,4.204910988099171,1.5970708122629607,4.789447050904947,0.012738409954791382,0.9438925404556856,0.7877861668268874,0.13013618091224655,0.4574451252403562,0.0,0.5425548747596439,1.0
0.9665921929700956,0.9843565311219966,2.339796681129465,5.022456192432763,4.804932372711264,1.496902696094712,6.497525485131475,0.01281783302462354,0.9679297738811721,0.9619171419512051,0.1553526080181902,0.0,1.0,0.0,1.0
0.9693015453588599,0.936223849948708,0.6480606320417848,6.621050184231963,4.687309776022358,0.5678848881528833,3.905981887248685,0.011513713424111843,0.9498147586143586,1.3142050128821474,0.0940297942479182,0.16774194858971736,0.8322580514102825,0.0,1.0
0.9789460700968426,0.9366613641604882,3.2424721119053475,1.7341104085909165,6.287919081969841,1.597578626643295,4.154783321779261,0.013558381692204037,0.9422994056770988,0.7875818333105311,0.33670266033604196,0.0,0.0,1.0,0.0
0.973312377792131,0.9211052594090643,1.8907270911814165,4.902893599692552,6.155324625956969,1.6643255357742892,3.5810047781885936,0.014752711658582822,0.9635851789510321,1.1411795693991835,0.1998481288704244,0.7244321401808512,0.11037699443206145,0.16519086538708738,1.0
0.9543285318517645,0.9514512915007837,0.15321978915408568,5.424645292674255,5.299718367059315,1.448993499489373,6.493283705323774,0.011411837982039734,0.9872666435295678,0.7674160892007168,0.16509048043837068,0.6522323955940772,0.34776760440592275,0.0,1.0
0.9849565076369013,0.9199286721814648,2.202137180817859,2.209071499884173,4.390441995385237,1.458036949197836,5.920873574481384,0.014027835666993359,0.8856415844783998,1.2521399543628104,0.146536657107056,0.6650384849633406,0.0,0.33496151503665944,1.0
0.9648814387445008,0.9254661721280486,2.5992350568591074,2.7092750281386526,5.929910760257047,1.3206933832482495,2.8502425079695266,0.011490095927187988,0.9643578131638094,1.0374498242953547,0.22141899016349106,0.1129504056029986,0.8870495943970014,0.0,1.0
0.9675364742810787,0.915399489194006,3.7831978455141293,2.2873427491356457,6.616788214289186,1.5458426763585087,5.93533239985437,0.01503567951568962,0.9707862619075117,1.3151058443869967,0.21488174968728277,0.0,0.5973740053924151,0.40262599460758486,0.0
0.9666928490161152,0.9698731772545544,1.266119526153578,6.258023550298116,3.4768130626551774,1.781896488819623,5.176614491287008,0.01062490742803413,0.9780595423112413,0.8182324903855651,0.07791228005371562,0.0,1.0,0.0,1.0
0.9629646347370986,0.9576117955912825,7.0954385027623905,3.443981706053039,5.174387790751995,1.4050796546649538,7.240138929971819,0.011335787749980692,0.9127518082104574,0.9298890988662403,0.09809474879819549,0.5066396812932874,0.09844514523586348,0.39491517347084915,1.0
0.9783488489496198,0.9348452165652081,2.7148403227398434,4.933538366676786,5.97263709835978,1.0030311800339766,4.787642577003482,0.008545730020267768,0.9644615890074367,0.8656387802709842,0.24724029610210424,0.20947758994676693,0.0,0.7905224100532331,1.0
0.9473315462798242,0.9569057092511669,3.2299255529011344,3.287319411766175,3.727324703128372,1.3231694620725671,5.208977629384858,0.01410172827580456,0.9318405364439042,0.9683435714241333,0.04701247189820263,0.3548858646752558,0.438072784827589,0.2070413504971553,1.0
0.9804923682317054,0.9661307050788183,4.7807855566604145,4.385596497043376,5.298308275028743,1.7477657775775723,2.357156885047215,0.014118662286252723,0.9483262386641718,1.1792571482777252,0.23456529044880278,0.0,0.0,1.0,0.0
0.9785036001021946,0.9385818733963504,5.371865927658137,2.3572336939416463,4.390630771890148,1.3826872238625485,7.196956150219278,0.009929331158425793,0.9424071867236276,1.0741460274360046,0.15230523902229695,0.0,0.0,1.0,0.0
0.9647816930626177,0.9498420261703554,4.032603308280997,3.052587848385568,5.06577225334356,1.6390987590296437,6.248133766033299,0.012200832880518833,0.9656666216890054,1.1534851499030383,0.14345776735117133,0.0,0.9559539712885419,0.044046028711458095,0.0
0.954883573512495,0.946043735062699,2.7645251271903954,1.7244482045857725,4.512971545547107,1.5672222511804468,7.007176207522605,0.008070483126723014,0.957920674763813,0.9943457590211171,0.12125731520955875,0.0,0.682522333483152,0.31747766651684795,0.0
0.954068446996939,0.9645649722372063,0.9523209965021774,3.507353640095065,3.5823318135113156,1.452759043360068,5.426306420136394,0.01289094645528955,0.9421519944862787,1.300018671693958,0.06648202318082701,0.08022383541960841,0.9197761645803916,0.0,1.0
0.9675897034517548,0.9468092042206961,3.5609065475208856,3.3207529993173877,4.140123560766625,1.7031302917374642,3.8764845734316995,0.013362863141099596,0.9401225647904043,1.015040796114529,0.10253553173731737,0.2315793883127219,0.7684206116872782,0.0,1.0
0.9549600424621074,0.9649236431424004,3.1077748636537565,3.8033282748117827,4.399959815548913,1.5838635779329584,5.099966377594571,0.008144943061325493,0.9468738939401127,0.8568579581115552,0.09764745508754442,0.6034467207169031,0.3132731102127564,0.08328016907034054,1.0
0.9734262227937142,0.9752061441847499,1.2343201240757762,5.157748045472186,7.367829724768341,1.3615958362862761,4.614565617178529,0.01138448629113873,0.9079368418210897,1.0120006439944365,0.2927809963770407,0.4343549856068651,0.0,0.565645014393135,1.0
0.9797115523680552,0.931355299166194,4.644644540228407,2.6644746311833494,6.422445383658209,1.1929461861185784,4.7800162609343255,0.011969442428551325,0.9553426703843159,1.110537057048522,0.275472127017443,0.0,0.0,1.0,0.0
0.9658168619469958,0.9460461460682704,0.1253436124095071,5.261183258506376,5.817130535424624,1.6054165815919035,4.0054421420599855,0.013098087824825605,0.966303971049482,1.0331594966177642,0.1911378309446692,0.5254703826038544,0.0,0.47452961739614563,1.0
0.9771444331266608,0.9517038238164681,3.0609897008339697,5.858065888611447,4.8217489707210115,1.3276189789968487,1.968884405881747,0.012956556197208719,0.9101500776835242,1.199766890520292,0.11573258016510068,0.13725219345152342,0.8627478065484766,0.0,1.0
0.9813835349931443,0.9349315777614615,6.015236939337947,4.810920280015735,4.0153945639492745,1.2793276512868013,3.527418823763848,0.013028031079521914,0.9699198160547803,0.8116233210836744,0.14132655435014027,0.0,0.5971160430237087,0.40288395697629126,1.0
0.972733638479735,0.9491784955140419,6.352712669389176,2.7894620416997595,7.091906298390514,1.263946855660806,7.123293574050349,0.009931357950415047,0.9739099639316439,0.8306436871824864,0.2718296110789912,0.0,0.2499708587696423,0.7500291412303577,0.0
0.9752039697205266,0.9008227810040501,2.15866369685477,5.159757062750359,4.095343684765735,1.506613777045465,4.543354205910223,0.012400894543923513,0.971193867622733,0.7648249208474305,0.10299875453646891,0.5543536478027558,0.21093913822073476,0.23470721397650937,1.0
0.9645259389243765,0.9293874148069067,1.0608280040391307,4.50975258602505,5.895312785189398,1.4343261952158315,3.5678352103047315,0.008372780814243983,0.9621630018079649,0.8245987707983053,0.1640302919302247,0.1321554808285134,0.8678445191714865,0.0,1.0
0.9596080493403408,0.9132568001650856,3.3252881637280325,3.487425496598676,4.810431286441936,0.9010403160634398,5.422956257397173,0.011278493431443477,0.9666178412265063,1.1298436126107216,0.10489349681955248,0.489718469747693,0.510281530252307,0.0,1.0
0.9643889224748836,0.9595903382318547,3.6389211373936012,3.072040467591049,5.06635912503824,1.6663377400913677,2.0592016638582873,0.015582259028416782,0.9205098254536709,1.1522945931160593,0.1447871631871094,0.37347135311948026,0.6265286468805198,0.0,1.0
0.9705425437862459,0.9430274172683855,1.6181819060762623,8.232054247006605,6.235577710866509,0.7297570127363552,3.944411306658985,0.011778247453913829,0.9468823785400604,1.2557434940432781,0.1307466702192536,0.42644846547685006,0.5649145952172139,0.008636939305935972,1.0
0.9656787924465979,0.9606524339657126,2.89129557905728,2.7117860292981337,4.169828055642389,1.2045138990860713,5.837339183596866,0.013912863323116823,0.9341112857765818,0.7183579243149645,0.1220344930853582,0.0,0.9771110138046706,0.022888986195329416,1.0
0.9763532576660622,0.9634470334382598,1.0143955849784485,6.464770723887447,4.930035228502796,1.0868220193924059,5.06058360344015,0.010406534637620994,0.9758796017594681,0.7773998187459045,0.17772676971941773,0.0,1.0,0.0,1.0
0.9685816999371133,0.9357418917624358,2.0908316164595395,2.3441163858512715,4.741443164642176,1.6658467294850348,4.587874766436606,0.011376457235025835,0.9450317375837555,1.3557300173173144,0.14850893101455132,0.1773714438861004,0.6064904418006994,0.21613811431320018,0.0
0.9652747135387406,0.953299975719154,4.365632000201782,4.132727785564595,6.773122608809632,1.4114272585770045,5.4259231299759465,0.011429986261333127,0.9426222498281247,0.8087979922760612,0.19371464529298288,0.054639462792439336,0.9453605372075605,0.0,1.0
0.9634397237359256,0.884669241814049,3.3903253030592397,2.0676117543452217,5.834877057469729,1.045418906858644,5.716731626451354,0.013314239945649802,0.971127159600128,1.0287297942724596,0.19091363274409712,0.552652137172975,0.0,0.4473478628270251,1.0
0.9835405324446361,0.9738800129890594,6.28054815484073,3.4828552499077023,4.313559523311355,1.4300387661875433,4.742459220789955,0.012611430767111072,0.9547405893895199,1.1823385290154025,0.13743531902268072,0.0,0.04936507828145237,0.9506349217185476,0.0
0.9825285521116864,0.949960377508711,5.16735432558745,5.353126585294345,5.505536340246384,1.4800695216522253,3.4059645790833635,0.01226005763452601,0.9176441534205478,0.7999382862233422,0.17339228886601463,0.643446844605519,0.057034326351925076,0.2995188290425559,1.0
0.9691829296912727,0.9476603879226264,2.4225004110746244,4.841427027944094,6.742154521967082,1.0520686192791584,4.701611204274887,0.010924674607241875,0.9333372228101176,0.94793948449495,0.1755408243130985,0.29193432119305346,0.7080656788069467,0.0,1.0
0.9689229535220388,0.950284632762882,5.832110191139833,2.9848396382595004,6.304012819350213,1.1593665069936105,6.806898780186078,0.012368821518010704,0.9200596057365485,0.8468503586420469,0.17542412504845778,0.46496042124930037,0.0,0.5350395787506997,1.0
0.9746199586731843,0.9532520170096987,4.05646270486339,5.837894260991807,4.343355750125119,1.3186819192258141,5.928597468696211,0.014360059063702017,0.9349033249351709,0.8117326946003671,0.09415975230651034,0.4909744200723363,0.30920537987534896,0.19982020005231477,1.0
0.9785644590936102,0.9134402251641686,3.8991637718976158,4.724933352163799,6.870713270953319,1.1037721378649268,2.912163604473717,0.01393667473497643,0.9555499652883928,0.7537970671759586,0.23158914048053178,0.533557060505433,0.3932669904705389,0.07317594902402819,1.0
0.9813200580930861,0.9637122179762113,3.611943466871864,4.420812772335338,5.457131467727769,1.223857294110426,3.2714203639147454,0.013394317819357895,0.95236722033564,0.8988750455853534,0.25432762333063585,0.0,0.0,1.0,0.0
0.9694366124419014,0.9688619755413335,4.901303432945525,7.936350786192457,4.406951780195264,1.4666752406203867,5.426516543477906,0.008360570192207354,0.9440951071280392,0.9231136621229519,0.09241572067487049,0.26168428624085105,0.0,0.738315713759149,1.0
0.9605339104959549,0.934055566398359,4.314011494779526,4.142238041058077,6.640988491625156,1.6237612657564167,5.6607468133375125,0.009276286096297128,0.9563685915425921,0.8601745501985603,0.15213309215925655,0.39414648271854563,0.3364000990111609,0.2694534182702934,1.0
0.9802544911290287,0.8991456513029301,0.8056125981606596,8.080442124936429,6.704443933368759,1.5924350316579865,1.7926638113225675,0.016296437633128175,0.9716939654522978,0.9193586740771177,0.2179778806801147,0.44488662929029416,0.0,0.5551133707097059,1.0
0.9612668339177245,0.8916937010953814,2.3535851517861337,4.3587232524483195,3.776588464373485,1.4479452563183153,2.227682669277228,0.013250606611834501,0.9768535667564926,0.9230186127927928,0.07492620662596859,0.24869971974538216,0.7513002802546179,0.0,1.0
0.9753272207577967,0.9462704260358007,4.21603902186559,2.998265331145878,5.915527844149724,1.1543574635284495,3.4733756842284875,0.009496944961180927,0.9469084984730162,1.2081464187410165,0.2253596469170889,0.0,0.0,1.0,0.0
0.9884345682588952,0.9183422088077363,3.2048779265173257,2.762011660194116,4.568749619178071,1.3481493067999204,2.614748626543311,0.014143167884481821,0.9190974103764364,0.9242626235555312,0.2101940501610624,0.3774703359237267,0.4384109200479984,0.18411874402827502,1.0
0.9512014056305768,0.9211019889305142,4.923926167586229,2.2726556413862022,4.272298538249753,1.380011290100263,4.658911781071275,0.012084981816339314,0.95998689623361,1.0367890266641324,0.08140670242404802,0.631412959931938,0.19912955980201347,0.16945748026604848,1.0
0.9751081166069439,0.9680167627392514,3.2649233844409116,3.1455074118534467,5.095197620714849,1.2683984030706317,5.91870961237117,0.008986622925699595,0.9449494029387498,0.9639339111656366,0.1956662843611315,0.0,0.5000240834986185,0.4999759165013815,0.0
0.9754523643393359,0.9474307902568124,3.4174391074234665,1.759949556638802,7.449856606598645,1.277480873503419,4.228979226805416,0.01094082025934914,0.9263132735273373,0.994692310815233,0.3411596459999364,0.0,0.5158913660322297,0.48410863396777015,0.0
0.9725034306441919,0.9549374896246366,1.1017537415198917,4.908477641787715,5.763495567992139,0.9318392402016599,3.486313997267634,0.007991157332793224,0.949303156680107,0.9928462699171738,0.21472460158262383,0.5176315120992451,0.0,0.482368487900755,1.0
0.9882269384485638,0.8729446596141305,5.063728161741228,1.8725506637519878,5.5830548287276915,1.367613997084273,5.83018031381749,0.010857647353068992,0.9614452907481557,1.1329506885488707,0.2902464955838612,0.0,0.0,1.0,0.0
0.9805966115226525,0.9207310564133946,4.030663072972116,9.194374284433557,5.672603156773195,1.4859210773862452,3.2061873583937217,0.012474058969183768,0.9511251678103719,1.1269910651253443,0.12084491357640226,0.43750174725187163,0.36697227854243475,0.19552597420569362,1.0
0.9795101020476383,0.9849032769478411,3.2928479097615098,1.5137008920307733,5.9196883271607605,1.7417426291541642,3.0114663459133277,0.011641050545937025,0.982424824191128,1.031393051980316,0.2658456467204933,0.0,0.33715250630270915,0.6628474936972909,0.0
0.972355088274789,0.937112206641171,3.977433363877007,7.307772539629958,6.183572571930613,1.320286776962463,2.895216183851766,0.009365974443065367,0.9792694011891198,1.2775569171008758,0.20667993340542704,0.4888586869353555,0.5111413130646444,0.0,1.0
0.9716614044978551,0.9341742000741485,4.131980738361822,8.506239008682824,6.959351444805582,1.373112964244258,5.872868650630501,0.014274202726802198,0.9781020755389278,1.2303836578911138,0.2049265976290486,0.7202507915378161,0.27974920846218393,0.0,1.0
0.9784980212646204,0.9108370120684043,1.8214761752582578,6.0940376583876255,5.131092572067349,1.7002217483070612,3.9535141911554055,0.012066164476358339,0.9712941453226102,0.9857960060430362,0.1688854395735427,0.39290103768594314,0.0,0.6070989623140569,1.0
0.9634615002321786,0.9314493947487815,3.2572912641690728,1.455645078743476,4.313678174671993,1.624370812405994,3.521461210037077,0.008530070709401861,0.9374785396158797,0.940990308012134,0.13467817054974532,0.49383799397502576,0.3380855538443233,0.1680764521806509,0.0
0.9783268442603198,0.945482783601893,3.952432539632631,6.375387893269362,5.550209328254541,1.2970017413697694,6.464872887974848,0.00974259927593415,0.9537479122132461,0.9068892753773174,0.17200597709593424,0.3226133337444742,0.0,0.6773866662555259,1.0
0.9815790560016142,0.9451644270371973,5.53368598530066,5.403126703898547,3.707286191633823,0.7543659579766926,3.947661872627335,0.013214382475206161,0.9198302502934992,1.1104975676142397,0.08428975728978255,0.703574937798434,0.1532394445750794,0.14318561762648652,1.0
0.9738026467274082,0.9235950123770101,2.917300302538887,1.8901581163639514,6.772728557755022,1.481575375084201,3.082598735817232,0.01076906795689584,0.9674181818898256,1.0483925172261916,0.30038398790607346,0.0,0.6606427316801667,0.33935726831983326,0.0
0.9664996707608586,0.9141590458466707,3.009556496003711,2.387861656679415,6.982725462936776,1.433568757400193,6.1413274481424605,0.01286860289004321,0.9484557090679357,0.8088397955618544,0.21703798362795595,0.58237159392497,0.1983756704761641,0.21925273559886596,1.0
0.9687867559816739,0.963705605517425,6.282176911138133,5.667182783233778,4.682379225556917,1.456418947275444,4.066170505884951,0.010526009942197961,0.9204220305303391,1.0059461646813606,0.09509675488112221,0.5202214378145962,0.46065024656283193,0.01912831562257186,1.0
0.9456591779641754,0.9264608937481249,2.738146850237841,2.0796660176548194,3.340811497369267,1.417196661348692,2.5824465370361356,0.00966776772518143,0.9805071700201337,0.8921251911289945,0.07639335580147473,0.7290875546935884,0.2709124453064115,0.0,0.0
0.9726812680263872,0.9576444568782143,3.1281664958130166,4.632043070080153,4.118291989145502,1.3682161427185546,4.76887379827167,0.013754573623152369,0.9161651902880762,0.9685476045516621,0.09326846655068102,0.09857274089544886,0.9014272591045512,0.0,1.0
0.9669714917751869,0.9237322409399299,4.117933856732497,2.0683536829448905,4.73176119298493,1.0671663741314346,5.9573444288618305,0.012453011652470758,0.955825525471239,1.0681993690681981,0.14190244514388792,0.0,0.4602659255952737,0.5397340744047263,0.0
0.9785131852154725,0.9150901376499199,7.128509825281707,1.8878262805335462,4.5953448796049425,1.4134772365624078,2.520753492267674,0.011077074417070912,0.9614392259357544,0.672549358740432,0.18916683231937995,0.0,0.0,1.0,0.0
0.9683953158512383,0.9721985837197411,3.7381460287210784,5.0844628448141505,5.368661236364597,1.617344491280525,3.469798907381575,0.01588770089586596,0.9316436910100158,1.009382589602967,0.16576696577286978,0.43202750020468356,0.0,0.5679724997953165,1.0
0.9634613147209726,0.9695514975366896,3.0247107287746466,3.41806027132914,6.730294512457223,0.8680269050705854,3.8873832998682514,0.010613992774545597,0.9248646921479813,1.0311675739652255,0.24476788965975188,0.7542931251019196,0.13401296353240857,0.11169391136567179,1.0
0.9704669085523097,0.9161301990533591,1.299695255787524,2.189501517442612,5.818599264895908,0.804632039287332,5.974373803741864,0.012192804710056338,0.956866987525505,1.122514075574383,0.23515553630321848,0.30962670582631135,0.0,0.6903732941736885,1.0
0.9616519246059968,0.9615588931447756,5.070953281696501,5.957140161330547,5.421489887680992,1.3076893090284987,4.491251131966796,0.008581175929301677,0.9581889015737729,0.850821433588944,0.1302339570827264,0.4938631142430072,0.0,0.5061368857569928,1.0
0.9775443610112521,0.9539399756235947,5.585777351823323,2.821498406511085,5.047206335953939,1.526131680369366,2.1522646639429164,0.011452473384992758,0.9266252592748115,1.0041415126842241,0.18790033615878932,0.0,0.0,1.0,0.0
0.972697288598145,0.9788902351368338,0.600280104514345,4.2466423474206785,5.306313984354196,1.2707927342498315,5.3389274325634695,0.016353353491547946,0.9050339927408351,1.176052511989529,0.21564227512317932,0.27966750487882797,0.0,0.7203324951211721,1.0
0.9547007293604922,0.9391269512817606,6.473809637095753,4.082024448786251,6.206651786906614,0.6429334132106417,5.797023197676431,0.011722898305700124,0.9847309307584663,0.9136045565107752,0.16678979536521846,0.0,0.6080681740451117,0.3919318259548883,0.0
0.9644622619422775,0.9013319093056851,2.880496752548809,4.909887891773877,4.964356001013478,1.5692091403978798,2.085493133382471,0.01227828225839931,0.9787649648682608,1.018192724220886,0.13292050589819937,0.6345608993664809,0.2090668322816756,0.15637226835184354,1.0
0.961462053273634,0.9060908250489428,3.591172957549623,3.4056892503845697,4.1108820870467975,1.4144605643711392,5.530966679463606,0.012017343527549573,0.9658653727848887,0.8947660136790234,0.07520836032082914,0.509421061781357,0.030052500231627786,0.46052643798701515,1.0
0.9724081500917955,0.9726835840867903,1.0637564829458064,5.480785455572221,5.074005953167001,1.176945067197782,4.0003278461116505,0.01282991028470092,0.927008563866366,0.7869601004409287,0.17534015184202587,0.2982176468794237,0.0,0.7017823531205762,1.0
0.9846556719122717,0.9460935417333155,4.105337152186438,6.591588495003403,3.9212317182519647,1.3109146334145372,5.644594393028998,0.013566031992084188,0.9182887519004358,0.8653917084023506,0.09143080521540273,0.6181806101824115,0.0,0.38181938981758834,1.0
0.9688314992961556,0.9506753125598209,3.480200046680717,1.743432393546096,6.590797219598645,1.4124874063022204,4.049249225648557,0.009913039259173598,0.896431974574548,0.9416258346736803,0.24878842676399085,0.7689226749600333,0.04702738514531159,0.18404993989465512,1.0
0.9589276825867501,0.9661257019273732,5.490499394674673,3.5778853829509725,4.312440379209308,1.1173766328139116,6.572186744655376,0.015508549457739215,0.9201185246862388,0.9214595008728522,0.07967712268727159,0.3263587923008821,0.673641207699118,0.0,1.0
0.9701959729377441,0.9517104529071216,5.174778290710819,5.437066821510259,4.552171272609301,1.44532250046366,2.8983011543060604,0.011777516746365364,0.9394439094767323,1.031799226179763,0.10243395078235955,0.5748819646110745,0.3796259447110257,0.045492090677899805,1.0
0.9774567480412047,0.9501508701736394,5.199322361759677,4.782491775657794,5.064659194187499,1.4378106230152476,4.551096609327536,0.009783914099435586,0.9666821763983094,1.0482045568098877,0.19254082039243678,0.0,0.0,1.0,0.0
0.9487264588052714,0.983616115902645,2.747371451697257,4.848576495794915,4.152583625444915,1.3479457029519135,3.592084263696538,0.01174032772653746,0.9063358060075752,0.9007374098676375,0.07794053598775935,0.5010383885046195,0.31578552680580235,0.1831760846895782,1.0
0.9690446153174787,0.9388659838741943,1.9762633563113086,3.059852095372432,5.454454404577069,0.8934526829674245,7.229775904113939,0.016143568799401837,0.9495707069127441,0.9527726203248332,0.17929638508556034,0.1151237376040117,0.8848762623959884,0.0,1.0
0.9621330400967464,0.9568558958260597,6.4993529405633925,4.774544836204388,7.501082695424568,1.3806938485315494,4.551776762492084,0.008571243227578903,0.9444950402342023,1.2257852307769395,0.19026541693245888,0.6498938603918835,0.3305036748073027,0.019602464800813763,1.0
0.9702842578362502,0.9248088578377386,6.950125890411816,5.429643731910313,5.0557219908358215,0.871539090724309,1.5652670728389841,0.012800624069360528,0.969936884426905,0.8679212495865958,0.13619756378808565,0.6195404621150951,0.04193211042567647,0.3385274274592285,1.0
0.9801508138905219,0.9387898841360769,4.982888297594709,4.218506073068499,5.324535777401569,0.6502218054664023,5.641745706799614,0.013537405502980032,0.9342417813063498,0.9749046047149081,0.1658986755488696,0.7425509088695592,0.10805202769928848,0.14939706343115233,1.0
0.9847295471784638,0.9355478118382639,0.37451922139614535,8.115142078910537,6.758966233691344,1.2435157430092283,2.8467282280238893,0.00890839803006455,0.9365241379999218,0.8838088378857843,0.22418703603324536,0.5248783115740396,0.0,0.4751216884259604,1.0
0.9598227956974035,0.9740006708165324,3.3548762965357826,4.1507131715262595,5.900236945082331,1.5032336132654616,2.838547990301162,0.010852258166048146,0.9460288269488847,1.10610093933529,0.19347922606716844,0.5809209662233517,0.4190790337766484,0.0,0.0
0.9532718345994325,0.9715108351639866,2.8323873733933946,4.903039851664724,5.125836904681614,1.6236651359777974,6.297124627004689,0.014919290386284218,0.9203746424118059,1.0722264690235246,0.09125819691524319,0.25378586572538886,0.7462141342746111,0.0,1.0
0.9803395632520239,0.9653192088111923,3.1420528840056887,8.236556230193578,5.152259203350348,1.0629459821185032,2.8254600857848686,0.014239731155165787,0.9371716156702989,0.8064705255091952,0.16821658933527878,0.6035727744273044,0.3964272255726956,0.0,1.0
0.9542721319534404,0.9361240611722642,2.806129102739345,5.808404658144445,6.21484229173444,0.5870936215964078,2.4763148276541065,0.01210189143027163,0.9737992397173432,1.1293172225601684,0.15259037852324084,0.548866351472279,0.29518876411226064,0.15594488441546026,1.0
0.9551149023904477,0.9466113527638109,4.635935550156239,3.0821491741943374,4.167260557901354,1.2934279714514576,4.0890789587361205,0.01518286474995164,0.970924904026888,1.1135327611931087,0.09732754284918044,0.0,1.0,0.0,0.0
0.9615969217737156,0.9291305803623947,1.1891252628686106,3.607835504716844,5.438140128618168,1.5240916189032656,6.879905615926601,0.009138537147159955,0.9442554044643753,1.2994506458185853,0.10999905219763478,0.5836911792403048,0.20792504365118294,0.20838377710851222,1.0
0.967932444925732,0.9593902472069687,5.863728293315323,2.4020454484195226,6.339947052644516,0.8595281251143542,3.1343100925942897,0.009010855882970892,0.966011196664786,1.0799176198984148,0.21197061126514252,0.0,0.4041715024008698,0.5958284975991303,0.0
0.9568601885855946,0.9568585271648331,5.129077446291699,1.9789392265383898,5.458873900781541,1.0471876787701646,1.896820536515739,0.00888255376043703,0.9342635548874639,0.8744784590253094,0.17739906924251395,0.48521801088957894,0.5147819891104212,0.0,0.0
0.9579266156469335,0.9738537719092825,4.940530160242879,3.9209733504588185,5.997635611599478,1.8253635911364252,5.748172427140214,0.012073898099196423,0.9068239935570408,0.9413650355823187,0.14086195631737009,0.18996602667432283,0.8100339733256772,0.0,1.0
0.9743784396592456,0.9563194528173237,1.4083391066176802,7.511402296283723,5.970293836410903,0.825706699052547,3.5132677411997735,0.008506717228954597,0.9281139577250035,0.9811827801239981,0.1479523669105719,0.4150862141567285,0.4330316155541129,0.15188217028915862,1.0
0.9568764445843945,0.9682473919119898,5.156014248263472,5.17601664036337,6.499048583114702,1.2802809039225689,2.838081545008681,0.008540013674216319,0.9266244467228726,0.9290503544095574,0.14299519912707637,0.17042481356454067,0.8295751864354595,0.0,1.0
0.9751951000163867,0.9390055515215526,3.7144062379266947,3.519128868752044,6.125139102270851,0.9008867638337829,4.476768677104637,0.013125965751616554,0.9540413484345072,1.034531758934271,0.24264146543062887,0.3458653557441402,0.3425878511665778,0.311546793089282,0.0
0.9676417915195931,0.9642492580881546,1.547099527827955,2.224754634991053,4.000585133855465,1.5927922953540528,6.801831721052363,0.009176634130051212,0.981884892734855,0.6676992287225465,0.14397159159052983,0.0,0.6792881081895611,0.32071189181043896,0.0
0.9598036300183425,0.9548335032455559,3.8329401607688274,7.159427030183588,3.771498764994001,0.9866857461615532,4.1989339853236105,0.013937778783590505,0.9702786845479024,0.7376429377483394,0.06843684759367881,0.36089185962676934,0.6391081403732307,0.0,1.0
0.9806961249980622,0.9481059680800444,3.949751572592631,3.680816591256696,3.5296256471950866,1.0881321496435215,5.5300616876132,0.008813323681410148,0.879661178451736,0.9071188449479819,0.07635064345820256,0.43176404574073723,0.0,0.5682359542592628,1.0
0.9827021084473122,0.9413097799715183,6.901541531854158,6.217178985803589,3.3493539743869145,1.5178403074366749,4.788297364867228,0.007387569050171364,0.9278170748530892,1.2421236944433123,0.06390392482160037,0.0,0.7479148066045498,0.2520851933954502,1.0
0.9776654386672369,0.9240757754123098,3.556948280055214,5.643392455366879,6.103887194180239,0.8108282446968298,4.653008238560426,0.012680630808154708,0.9691989170956374,1.2664511418213835,0.22385377820912947,0.29341733113079693,0.0,0.7065826688692031,1.0
0.9865513862754132,0.9145478179412784,4.077621249776099,7.390428000848939,7.223897766515478,1.2340035819177417,5.574953044278068,0.010490207603135378,0.9299039087247097,0.9838664668457189,0.19159073104202315,0.4888480421286492,0.3964809770089285,0.11467098086242239,1.0
0.9796322116213992,0.957526731352658,1.1878364794272764,4.656248988026173,5.94012921760807,1.346316119364581,2.0393153365864887,0.013097768890941115,0.9181633132884585,0.9434836182232669,0.24188399332136415,0.6690454973694852,0.0,0.33095450263051485,1.0
0.9582707375920709,0.9459414852908873,4.633437632454035,8.34296926807241,5.749041398767865,1.4248859376771055,3.660810544881793,0.012423173399276025,0.9767058186192827,0.8999874555286282,0.12353434874334095,0.34249769284696746,0.6575023071530326,0.0,1.0
0.9552794862869461,0.9721716439055854,4.550109858599042,2.6401613759751608,6.222122719577211,1.1793915690630956,6.121777679449733,0.008867404695195858,0.9544851876727952,0.6875647806213441,0.21205980594579757,0.473615765410902,0.526384234589098,0.0,0.0
0.9470563640334067,0.9649038107969157,3.190654278539129,5.487385945099583,4.887245330703905,0.5918035892632408,5.596977522047776,0.012209456520149962,0.9696264284909694,0.9574784730139823,0.10614681103619872,0.44010030145656975,0.5598996985434302,0.0,1.0
0.9827274293253908,0.9685798623020447,3.337548051053985,6.065147627037238,7.755740819169424,1.4136330365318126,7.336319507658437,0.011749461079257319,0.9638199953087125,1.163952337720647,0.333404132308562,0.0,1.0,0.0,1.0
0.9504717978495055,0.9389515788213216,3.968110592528345,3.9734219554971952,4.294168054237656,0.7638926160804027,6.929792441192744,0.010466045213212143,0.9502630528900845,1.183025647057177,0.05634652672226006,0.39395907006829173,0.38413448130517364,0.22190644862653458,1.0
0.9740837938923259,0.9637029611982041,1.8425979631421385,3.7002199819989334,5.318565920885991,0.8414769761062622,4.364167321117234,0.01181335276821329,0.8853875094787211,0.9979242536929297,0.1646170605486971,0.24025382649689536,0.0,0.7597461735031047,1.0
0.9511228738085731,0.9549510365112196,4.686736674369774,2.7539960655873816,4.877689120156299,1.7407497864648198,5.708509323789205,0.012112536302383764,0.9691993257671115,1.0670071468380775,0.11952683403550436,0.0,1.0,0.0,0.0
0.9671385822354102,0.9654091097657134,5.197899521744134,3.246851936554158,7.2395224693997005,1.182998983220565,2.14402835820413,0.00919059903407565,0.9402393826260897,0.8008709186561092,0.288764841309992,0.46391163018688564,0.1584021595116657,0.3776862103014486,0.0
0.9556940057009237,0.9460943065230516,5.353330051829989,3.573442909478451,6.238099864399192,1.0883992545529488,5.948252397476889,0.011779738783413114,0.9284486584936213,1.2031176642964279,0.11478602384099945,0.4498820272208355,0.481797254137392,0.0683207186417725,1.0
0.9509518151656057,0.9341538087113418,1.7800168621631332,2.130786420047351,3.478724971190548,0.9927968044690567,4.862527512908265,0.011559114900471778,0.9663485706455984,1.0454793220736207,0.074338174716107,0.3587270527628775,0.6412729472371225,0.0,1.0
0.9521714544354445,0.9296269489635254,3.532728848564312,3.684481562023562,5.422734141120371,1.2435466390827894,6.027779108316527,0.01418428166531146,0.9689185779511174,0.9354591842352091,0.11729588740015565,0.30847090933393473,0.6915290906660654,0.0,1.0
0.9724338010016523,0.9644177487886332,3.032766214638211,5.655676250839367,6.974292104103602,0.8552027677184668,4.5427687704981405,0.011436870463221706,0.9289239918794795,0.8697539747134034,0.22534479579357258,0.6217791425849478,0.02488729996784646,0.3533335574472057,1.0
0.9582535973695373,0.8899654086361379,4.417697958940376,6.92745586783859,5.66408118331092,1.8162061894483474,4.620373259725833,0.011964837919495305,0.9818992387822849,1.2591043077470683,0.09888135373068904,0.45215281030877413,0.5305103412365463,0.017336848454679525,1.0
0.9681396263558258,0.9504959719734035,6.330331244444847,2.6295215064755686,4.5495227666517355,1.1831561724087014,5.903857108276654,0.009057126506603461,0.9459443037827537,1.0437407025507524,0.1309963234276945,0.0,0.0,1.0,0.0
0.9581545351074893,0.8975909519423454,2.85167519767354,3.07783142733053,4.157488241110378,1.8395952541020397,7.488566309869823,0.015375726332697612,0.9788519021944703,0.8116557540173723,0.08480031341161684,0.1356630707412086,0.8643369292587915,0.0,1.0
0.9756148440814231,0.959834405836018,3.659502331035122,3.880937223545094,4.93355126729473,1.5407353481844093,4.0099793823716094,0.011831689570348192,0.9538512544319369,1.2168471715692912,0.16799474168074255,0.0,0.42879484701346077,0.5712051529865393,0.0
0.9666471491381187,0.9065679303738892,2.817765799403287,4.132502988330499,5.510501604839876,1.7192614528819048,5.7725456162976325,0.010662315959024333,0.9569247174136354,1.2014933572628697,0.11264777542285695,0.5543008976620774,0.10227801255892294,0.34342108977899966,1.0
0.9686612978584359,0.9721656692157955,2.9413980724647906,3.080139987599173,4.925405998971894,1.341595036884346,6.1298490823863006,0.011432986944183661,0.9718266091243125,0.9973325116209726,0.16849019439363663,0.0,0.6918404605128923,0.3081595394871078,0.0
0.9650698413950002,0.9749550934395984,1.235302137333923,2.9378316009208767,4.674387045665873,0.8444096106760896,3.899967230768895,0.011300808580873269,0.941698463761131,1.2084366723425366,0.16863535803041943,0.18542825908274446,0.8145717409172555,0.0,0.0
0.9668884911157064,0.9688282784739617,6.410616462669449,7.714195322617719,4.750284255052332,0.8623638230479338,3.8933401102787633,0.01353891506891745,0.9456377396103612,0.8784657270288435,0.1029564300746357,0.37419182341001495,0.6258081765899851,0.0,1.0
0.981336238211896,0.9374644733999693,3.0890933135197702,6.867443286775123,4.34804991108113,1.668467831592078,3.4224911918492964,0.011760253836995999,0.9804093562557666,0.7811356606732227,0.1437391481595152,0.0,1.0,0.0,1.0
0.9614459415286474,0.9487987761966985,7.287234407423763,3.1984406644338312,4.961647173567012,1.7760443932345389,3.64668151471664,0.016660607027272574,0.9750853538225009,1.0261899697168253,0.1219884564984887,0.0,0.914825182335599,0.08517481766440109,0.0
0.9813503382400682,0.9573152914502491,6.2083811443179275,2.59924903130615,4.0965730840991075,1.2433306854113768,4.6758577761762705,0.009149163636360154,0.9720042674006916,0.8596234142618314,0.14412099570635328,0.0,0.10131286325125456,0.8986871367487455,0.0
0.9740560605227678,0.9626480802005055,5.319371633164222,3.0015399627953947,5.113937559573328,1.324287281523259,4.781920690454282,0.011473840635059889,0.9257635408430934,0.812584256669324,0.1838924513564091,0.2480413503301225,0.45471074214767315,0.29724790752220437,1.0
0.9488657913624414,0.9691536437553588,2.969798545142651,5.298070714007541,5.735994580400092,0.7616207673083922,1.7875737865209689,0.009756656158715193,0.963739903676679,0.806793462393625,0.16029449881151753,0.44678153522225306,0.5532184647777469,0.0,1.0
0.9526502749626795,0.9114255885472404,2.770365788520585,5.389337177550808,7.094707550622994,0.9241139475499844,1.8053005892268903,0.010880231428613045,0.9775407002827531,1.0491722443267055,0.1619183761642791,0.18172011141791092,0.8182798885820891,0.0,1.0
0.9704261890244088,0.964828820170435,5.404593687590887,6.292857989070062,4.501671880802984,1.0830572521700095,4.2337480142746085,0.012036512840464843,0.9784054232500249,0.9393667106296912,0.12375788502020989,0.7268381312508476,0.27316186874915244,0.0,1.0
0.9764694857059192,0.9193012876239594,1.5388589722978414,4.3394088963857955,4.248883177505415,0.886865636416161,5.050042530658341,0.01545323243461594,0.9803213366916339,0.8309604516178545,0.170662481380653,0.0,1.0,0.0,1.0
0.9831759478201474,0.9457507447000516,4.1639604431299055,2.81436767768985,3.9467870137774836,1.6748425144252297,5.140350669521933,0.014187656806327924,0.9346027963684711,1.0579189969748934,0.13674626166740142,0.0,0.06470381454258549,0.9352961854574144,0.0
0.9581017392354579,0.9609685641292685,5.02914625734196,4.2679856307876065,4.800866036945298,1.5702486059442773,2.791672739054049,0.010238982775737879,0.9779729443677936,0.8280478594569642,0.13891855722168364,0.0,0.9552888153138194,0.044711184686180634,0.0
0.9703420395689574,0.8902060094958804,6.618465190728543,7.749997064242134,5.284373746414207,1.475761575932668,5.546908542658874,0.01082123620492463,0.9862937530638304,0.8882108045902121,0.12705528059249027,0.1538976813244285,0.8461023186755716,0.0,1.0
0.9865340100412849,0.9608175741205716,3.8338196060237646,5.780208435760766,5.758362380378985,1.5141976316212202,6.1495117002114945,0.009988630207995128,0.9758614249945988,0.9121587860998542,0.24454497503308426,0.0,0.0,1.0,1.0
0.9617090689363262,0.9572329023910613,4.090690246843792,9.338682430195146,4.45280259082211,1.4920355709552444,6.436460851377935,0.01048025264524602,0.9677744836249053,1.1104180890048136,0.07260573162684278,0.3183545219185432,0.6816454780814568,0.0,1.0
0.971645762441211,0.954567316602217,1.039610641701071,3.4471752530230555,5.456410915972046,1.6120072468589743,6.755490257014762,0.012875004453521155,0.9294605701129814,0.9217193556952799,0.18461304687633964,0.0,0.9964395349157134,0.0035604650842866246,1.0
0.945949618824826,0.9743431473281481,4.509744268600132,8.490559025384696,5.358310650610672,1.3442342590321048,4.6600998975797925,0.011197718873065003,0.962344409910027,1.2399617346685454,0.09269986122668275,0.3178814700877567,0.6821185299122432,0.0,1.0
0.9813907476097721,0.9463083891603801,6.001092532350906,5.640168128195246,4.75717781483091,0.9158511790812792,2.4988462584075632,0.013608565155963091,0.9261838984297951,0.8126270532747614,0.1347218116395249,0.5934269049535706,0.14646079037814208,0.26011230466828733,1.0
0.982401720867153,0.9453084640572824,5.071776721807137,5.217412226572532,4.347920633261113,0.9324740714942847,2.0579115541059205,0.009460196972956456,0.8957842895824105,1.1487351230708085,0.10937788347533078,0.15693615040861808,0.843063849591382,0.0,1.0
0.9629364582801322,0.9362332044560758,3.083266212750238,3.402937786155489,5.759624855516087,1.3080146380988342,4.134068527188694,0.012376126391405243,0.9454561080533187,1.2249083019234996,0.14550208397127493,0.5481619678136704,0.0,0.45183803218632956,1.0
0.9610060504802518,0.947396560864268,3.3967827434934375,1.8230619611092531,6.0217992232733,1.86321045676521,4.735591094967456,0.012620837411653289,0.9766528301972744,0.9272968916958677,0.2475145342867097,0.0,1.0,0.0,0.0
0.9517212391763693,0.9423588326977135,4.258737425859259,2.5723731584621365,5.864392722565824,1.0780226995945346,3.2459456730235514,0.0130930926099318,0.9454865468837943,1.0647483597209781,0.14433734251479158,0.6081940374895091,0.16641072946808946,0.22539523304240136,1.0
0.9549685610951408,0.9159678578632835,1.9688290865778901,2.7028919426409943,5.034006407227258,1.0563767603489405,3.709776149672516,0.016207792374521173,0.9634662813142335,1.0071038401930816,0.12545339873986133,0.6073010329018916,0.07593433409823888,0.31676463299986957,1.0
0.9797631266802809,0.94120583610546,3.8028157692692552,4.794690869858979,4.83139070833886,1.268248908121799,6.622966769773693,0.01154943680683081,0.9345940826186064,0.8676731313147702,0.1317554480847502,0.6611437385357023,0.15525569703856087,0.18360056442573677,1.0
0.9622351615729992,0.9692158280219939,3.945808405858429,6.055108904229181,4.557106480448227,1.530175992073819,6.1329860096165945,0.010713407777367756,0.9357917005080518,0.8331085341991643,0.08556443421097457,0.41634450654750843,0.3365171063584912,0.24713838709400035,1.0
0.9777994635768815,0.9628419542450246,2.5161606716061935,4.534375229381743,5.795532834162296,1.4930125866472488,4.721776753718881,0.009702814678651557,0.8914089851469531,0.8806512451446777,0.1827582767750071,0.6179065829413855,0.3408274978195483,0.04126591923906617,1.0
0.9667237656300042,0.957408023476996,1.8424015560099176,5.931793148083595,4.886190599293921,0.9522616833127571,2.677071601417641,0.01335197904786627,0.9365591539070142,1.1620686482524334,0.11613324196771231,0.5606231618200394,0.42904544315272836,0.01033139502723236,1.0
0.9769769026501787,0.933405688887214,3.9746085676985796,2.850854545069873,5.497052574236536,1.470570278926159,6.017521933329068,0.015655425014785576,0.9430179531053211,0.9226088051746526,0.20538994239462685,0.0,0.9705943265911985,0.029405673408801573,1.0
0.9744341892750265,0.9684636878083889,4.04770418119646,8.128117395802956,4.61583248227025,1.2353531928827097,3.7035982651134023,0.010601214425969206,0.9260504982879462,0.9051813644904466,0.1083059766142227,0.4191093727570311,0.0,0.5808906272429689,1.0
0.9670720030953922,0.9312314226248852,4.496552754691973,6.45920399880975,4.990590517215333,1.6341664354369672,5.966353070376109,0.008278075523655958,0.9583622804642595,1.3324029089038028,0.08811307546110671,0.11416073370240803,0.885839266297592,0.0,1.0
0.969117145357171,0.9482934335869702,5.972059094599988,4.789634806222156,4.6750515765602305,1.5698226291103485,7.000975843666665,0.009765778718202908,0.9593837433200333,0.7467001684849569,0.10989913993242612,0.5764831221216029,0.0,0.423516877878397,1.0
0.9739508262039246,0.9585085900122419,6.547404831596784,2.7148327640619634,6.334467367319355,1.456165741407793,3.620707459050365,0.011420652927415554,0.9117045641566436,1.0847898808692764,0.2325558241531678,0.0,0.06567179649778354,0.9343282035022165,0.0
0.9716231366704474,0.9515727985747372,4.893722311306553,2.8924761246057065,4.15532059046251,1.933009049507001,4.963292546428958,0.010418867647460726,0.9061718796299464,0.7796276473673976,0.09565159708165145,0.5243993995536382,0.0,0.47560060044636177,1.0
0.9623962236285982,0.9828613069625118,2.274341608150304,7.2255319812433285,4.515657685654124,1.0737502775361887,3.492820246117548,0.011839659218621353,0.8954974471301849,1.0491484694288864,0.09488486939461241,0.5463986436851144,0.03628003865578424,0.4173213176591013,1.0
0.9598490774447677,0.9653397085474139,1.1661787195869835,3.2556410782179093,4.92404549645024,0.7899569978740931,6.803451711398433,0.009941441475594935,0.9170741046828856,0.9909626939666851,0.1237117443439546,0.3828948089644764,0.6171051910355236,0.0,1.0
0.9730287918324225,0.9567793498486051,2.0236243924609374,1.7230359183383808,4.645761933595423,1.7518565968441324,5.744759898498334,0.008527525982028978,0.9420122497866811,0.9345766077314528,0.18196379589499648,0.0,0.3128721053624374,0.6871278946375624,0.0
0.9818259568352116,0.955320460086857,5.239561091054341,6.425267287725323,6.8860295958371065,0.6567746090320878,4.3359200642235445,0.009855208101758127,0.9096068582689297,1.1150920754206193,0.2077211222197955,0.7023074948751521,0.015447648043705114,0.28224485708114283,1.0
0.9591270123100064,0.9632882095276456,1.184800651730307,6.5798282239189945,5.958722238543658,1.7494383671877096,3.5187528312391048,0.014582334018680799,0.936638363725181,1.100792988932439,0.1206499812044417,0.08653367154352133,0.9134663284564786,0.0,1.0
0.9512688891096056,0.9677304165757825,4.216843188743595,5.58774215420942,4.791967985833583,1.125040125279333,2.6105389673859003,0.013733960645237672,0.9459402003506164,1.1652793329596558,0.09372440369575204,0.539492487864531,0.3968849764565823,0.06362253567888676,1.0
0.9808166183770067,0.9393547173070016,2.908697761918887,4.903794362183963,5.610731365139429,1.1145963966300045,3.9489847947677137,0.01251768821728254,0.9543496076257104,1.197416570950753,0.2291384080613177,0.1854102971641698,0.10432114736869517,0.7102685554671351,0.0
0.9793212610825515,0.9505060441591002,0.19022473024020572,4.614226459747712,4.398220349142931,1.8662894184670762,3.6857917367452417,0.01170541506349861,0.9686282692393671,0.6666723637470193,0.19375869826256126,0.0,1.0,0.0,1.0
0.9650551446076013,0.9325003861621853,3.5663765256834647,4.8567489234995325,4.818223372714192,1.137528967064482,1.7140267566063843,0.009882794716783041,0.9640938371635801,1.0069858360485897,0.12561737428500525,0.5944175663065029,0.36144619997685007,0.04413623371664706,1.0
0.9739840081217663,0.8913838162393598,2.9340459086742663,2.6628280957559696,5.046258795415104,1.7073683045378723,3.9253371106560286,0.009045910012821044,0.9597626358472414,0.7792124282721874,0.16391378848011312,0.4420055289314851,0.0,0.557994471068515,1.0
0.9692069672005766,0.9372091878738218,6.296432548885126,2.6481410041611877,4.690673037466711,0.82711435947705,6.635992496886898,0.015500837640512978,0.9566728888613626,0.8289277455598981,0.139626366013925,0.050637985841745704,0.6364646819658355,0.31289733219241883,0.0
0.9752804611340585,0.9492010887166992,4.334377570610328,8.296822757237768,3.6537996612841432,1.2519805958374306,3.865833252712055,0.010600062114846036,0.9402707034316472,1.0238655190869734,0.06041491356149485,0.4241782896960318,0.34519465863421,0.23062705166975825,1.0
0.9694678995160576,0.963554105705327,4.601346137806091,4.606908454922652,6.6021276889724385,1.4028620062504251,4.62757414258486,0.01634555152299749,0.9234823412854609,0.6449962650970629,0.19338675683904089,0.3969771233129422,0.5172904987765797,0.08573237791047798,1.0
0.9679697434105136,0.9336819587430842,5.142292424067987,2.42471828568757,5.997772202673199,1.7837725269763571,6.574305832424413,0.012354313613561456,0.9642509638818697,1.168346033026493,0.21001990459255782,0.0,0.0,1.0,0.0
0.9746018148899515,0.8931047599740796,5.022440006886685,6.1712014007779326,3.790238979194251,1.322589081674681,4.6210291318389976,0.011648631763566883,0.9608220593204798,1.0877734877269996,0.05848844108973171,0.3404552870557921,0.0,0.659544712944208,1.0
0.9808869862884251,0.9607898548070981,2.062874146417294,4.71001231366933,6.712766870656975,1.7025283190996117,4.505610318081096,0.014686526782436746,0.9503924216907514,1.1834488067147717,0.30801250611396647,0.0,0.1959294766800547,0.8040705233199453,0.0
0.9559627157398252,0.9566435039813268,3.1317725733842288,6.007504675921071,5.2769268703171415,1.4759608634519232,6.308901004114949,0.015648613211076218,0.9695707216712908,1.0837991360396408,0.11828957356894367,0.47270811987962663,0.5272918801203733,0.0,1.0
0.9718745042194783,0.9496235739655118,1.232565013597063,4.259168634828684,5.908040652397835,1.5795126446635073,6.7974511236559705,0.0079946066669082,0.9749269913917044,0.9449301085762891,0.26052304714566205,0.0,1.0,0.0,1.0
0.9838698476995417,0.9231473851117455,5.577016686158443,5.259203092349599,5.376122478218731,1.1695990355913395,5.116973512972745,0.009984921101742199,0.9505370210243931,1.338928739101265,0.17786286649274385,0.009748706451399353,0.5257215122314165,0.46452978131718414,0.0
0.975079738747857,0.889861231034044,3.0635609431737176,3.6932009287392793,7.163408955265661,1.2738738023928582,4.069131667453283,0.009922455547130948,0.9650082518515026,0.9875663183139914,0.24651954786215513,0.2064094751288121,0.7935905248711879,0.0,1.0
0.9626937693300742,0.9386883150930441,7.65450750377905,2.0642952889846558,5.096225103829328,1.4633814587664575,4.445078339079024,0.01232258546540338,0.9428777033311868,0.9976513926133876,0.12935084012608764,0.0,0.7157595965322683,0.28424040346773166,0.0
0.9595893314989653,0.9459023536279387,2.473427261233147,3.610354473629359,5.605653323056138,1.4254554904795025,4.152441672936206,0.008939948069103091,0.9399068366697765,1.1190926870383717,0.13036406932981973,0.5592124756919028,0.0,0.44078752430809715,1.0
0.9742671784109165,0.9596994939196214,1.6434930751602939,4.178379083834354,4.699927233594044,1.3291581981643872,6.825791905797573,0.011143444720908014,0.9318644709634101,0.9908667562487881,0.14554802114611795,0.6689480121052961,0.0,0.3310519878947039,1.0
0.974435759720939,0.9627058555508303,2.800001505597571,2.7539168532308356,6.430100007207191,1.8996948540622225,3.004656264214432,0.00964141053594454,0.9363576439397048,0.9087597816661417,0.29921185539360895,0.0,0.6980017662037318,0.3019982337962682,0.0
0.977613506585811,0.9372456556589772,2.1351565328542987,5.410958683830561,3.641474923528923,1.3507064202211898,5.142650466920372,0.012208638518658789,0.9176951510031433,0.9975099468012467,0.06311288386033212,0.38826340286085115,0.0,0.6117365971391489,1.0
0.9643343075314149,0.9583842656973648,4.79695664462626,2.381214522320341,4.86449184749141,1.8913077615500817,3.4074423832230103,0.009732922640065651,0.9761663615302104,1.1090036353554538,0.13866216580351826,0.0,0.698705282705932,0.30129471729406804,0.0
0.979704283176656,0.8679197851393735,2.2601985683200843,5.5076057396493425,5.9513559957922535,1.5755347106741486,4.143370479265298,0.012484326592568078,0.9649661437248852,0.9982240530049756,0.15662315500341933,0.1894289249376654,0.0,0.8105710750623346,1.0
0.9760658124803456,0.9824610733702348,3.233421372594461,4.792061830519924,5.268664095832791,1.3483976399161857,5.385583748202619,0.007987564606157911,0.9037020104011148,0.9404802892927975,0.20970873913560248,0.0,0.7097725893723053,0.29022741062769464,0.0
0.9627608598222881,0.9429815246793619,0.9154601568345145,2.4261747558155617,6.06397403764572,1.300993251922193,6.347611478312646,0.009478661370377743,0.9170838770181595,1.21992667029244,0.16908729707211248,0.6737449059273153,0.29035283328963724,0.035902260783047424,1.0
0.959462017366486,0.9763461966776052,1.776693821457137,4.950671187313952,3.6577678901670563,1.3520105321231894,5.136260529765667,0.015494877801726547,0.9432312125089687,1.2316261598722322,0.0792310243340743,0.33685758369144875,0.6631424163085512,0.0,1.0
0.9749376381853916,0.9185793646261133,2.687229706456779,1.8337556976668807,4.190644279690504,1.5920650422550255,2.6918375276557285,0.014880580177258095,0.9466048665739397,0.9251054682376711,0.1625972898450513,0.23456779598525643,0.10417957072273829,0.6612526332920052,0.0
0.9676611960650799,0.9133706358013496,1.5209647341769121,6.670981722391337,4.5223674325662495,1.0812368313826202,1.386798017093357,0.014088271129570194,0.977890332335798,0.8626647409557013,0.11678225760361796,0.5109719737375088,0.06487291851558213,0.424155107746909,1.0
0.9659186718499899,0.9348790483670321,2.4316945860052117,3.5836005542011344,4.791605472931908,1.506370659983422,4.6949318141878615,0.00992377486788476,0.9449051198043799,0.8706764147583546,0.11181902261743598,0.475565429646367,0.0,0.5244345703536331,1.0
0.9687464289420028,0.9167089508777365,1.840517797613867,4.051614138401886,5.341779907887535,1.5612659415185801,5.438768363099431,0.009367857516653873,0.9582109993475272,0.9357776824534941,0.13356739871401108,0.33618210049677205,0.0,0.6638178995032279,1.0
0.98505063605561,0.9239496650139716,0.9478552656948979,4.245815337494728,5.3588295029227435,1.012468405643258,6.545150484575448,0.00884820695140515,0.9585856508899937,0.9438943194430373,0.26660468227790485,0.1056428845090944,0.0,0.8943571154909056,1.0
0.969411587884855,0.969011742561986,4.7072111758779895,4.290862419369153,6.2931476524482175,1.3762344507014383,2.5771542600191406,0.012333765218821964,0.9021068113723584,0.9203567080585682,0.1886399968179072,0.6043759052338236,0.3830897911688144,0.012534303597361948,1.0
0.981742265637555,0.9506475354782311,5.490713415618931,1.9613315550620176,4.19774464617133,1.3134255186819974,4.806768282064846,0.013333449020150096,0.9464744795231598,1.1972134377101682,0.17075794954781717,0.0,0.0,1.0,0.0
0.9761133314793525,0.9588800684347444,5.316730987432512,3.3556116094340576,5.374494068918031,1.479258201897041,6.492998300565819,0.011753173755186032,0.8980484078018154,0.6587647031012946,0.16401011507115779,0.1311103627053874,0.0,0.8688896372946125,1.0
0.9774425636159885,0.9329015217428631,3.06530086012979,4.520247645311243,3.911044329396609,1.5467777472748594,5.022716904463604,0.010239753425788953,0.9394741959292907,1.0850304783058244,0.09295812428857542,0.03451980082821416,0.9654801991717858,0.0,1.0
0.9762577876883525,0.8833851301573896,1.4021357801161622,3.1067414415120975,7.542914074211746,1.3587934336072294,4.638434795774943,0.010708788497741348,0.9699722905214683,0.9883874353728415,0.3373755760627355,0.773780559633933,0.20549747974513707,0.020721960620929913,1.0
0.9449968979068742,0.9508398063383235,1.7101616642304651,3.085613579227658,5.503481504370713,0.6251113477008523,6.991975052671528,0.01216594507772311,0.9634216279093508,1.3219202263000303,0.13720431614615156,0.19902743134074458,0.8009725686592554,0.0,1.0
0.9596014594667936,0.9432678656804413,2.75019613616332,2.477405318607442,5.963484393270283,0.7517812624879555,2.2030107252144386,0.012158093300514606,0.9611294015889027,1.1154660632438098,0.2194671046240881,0.22330594019084576,0.7766940598091542,0.0,0.0
0.976564285396337,0.9487816675069716,1.0125196034164725,3.4921307107412725,6.65456108958098,1.1700785696557345,5.35586013097325,0.010213907875055068,0.8958634192850166,0.8870195923619852,0.21859308620062792,0.48425860126462134,0.0,0.5157413987353786,1.0
0.9705436384629623,0.954252367610067,3.510854646736367,3.745739280150545,5.0051468791744975,1.7475311040428838,2.390041158618307,0.013064311489101867,0.9399478892367603,0.9997919802393433,0.16237237790513206,0.7509404381664455,0.10753255727665327,0.14152700455690118,1.0
0.9667715136347187,0.8987219344750693,2.4099518229617254,5.09866987714953,5.8939889871977655,1.469508635439299,4.659571950706953,0.015891571797138734,0.9793955914116175,1.148249454594259,0.16988855128184885,0.7161175945386844,0.03277463791399843,0.25110776754731723,1.0
0.964026734807918,0.9724711132766931,4.176943607548501,2.9197079956078147,5.360151175129435,1.6306782715231893,6.591678227148031,0.01152545435931105,0.9204952414056555,1.3006277681728002,0.14396481970345895,0.0,0.7917712333248187,0.20822876667518117,0.0
0.9808914138289446,0.9316532439982806,1.5680453467539355,5.196551285950374,5.796930127899227,1.3245795652226886,4.602542037830254,0.012412035382402488,0.9453855799357206,1.1131180929224613,0.20146697704431615,0.7157398503376737,0.0,0.2842601496623262,1.0
0.9804190949368224,0.9374329704680285,3.877538132430672,1.8990355016208602,5.2485379535137255,1.1246531778472546,5.555864337866751,0.014968285564119334,0.9641017741953752,1.0135785598948213,0.24853631752881397,0.0,0.0,1.0,0.0
0.9732540924173052,0.9525033289652468,0.918016849938879,3.383294866046981,4.44313750647601,1.3693763247870372,4.580435348420774,0.008802855625730417,0.9388244840313421,0.9749713951855812,0.15568718461723513,0.8012490290594816,0.0033717416950352274,0.19537922924548315,1.0
0.9635368717430847,0.951070285863239,6.763886397952293,3.001001204590743,4.529824907836527,1.2791370018761634,5.580089457717719,0.011740818098312516,0.9613839285072713,0.7504338441602738,0.12212510296371604,0.06289114665250276,0.6266356630419998,0.31047319030549736,1.0
0.9712070533759184,0.9399160000557638,4.115099269676792,2.4243972461330543,7.147186228457612,1.038053973880567,5.934731034933147,0.014483530827344274,0.9778656770179129,0.8114462821974201,0.3135882021576816,0.0,0.2600195440258935,0.7399804559741066,0.0
0.9679549638012431,0.9493099235759461,2.9234205263892923,4.177199407441673,3.270606820690055,1.5739383108272786,2.27435335031398,0.008682217345912386,0.9514341879407942,1.0475610958432986,0.07307896827755729,0.7284894411377923,0.10888017931610859,0.16263037954609913,1.0
0.9721257449141948,0.9798896821469655,5.6809497845928325,4.821504478779241,4.430685497118997,1.0159303278441238,2.383528536957777,0.011980004600961715,0.9235355413379986,0.7860019837392984,0.15285507516372976,0.041193142792579615,0.9588068572074203,0.0,1.0
0.9827920339408168,0.938112050352089,0.4893194539354288,4.193565582086948,5.565606430377381,0.7122206353954044,2.5318624043682565,0.010488516942514578,0.9265859363257167,1.1157053157657342,0.2363756973143706,0.806388695173059,0.014130239345424357,0.17948106548151666,1.0
0.9598813151445271,0.968373533787102,4.989843725809282,5.979967075096654,6.23512257662176,1.9699202701431313,2.6487885977019197,0.00989122701169987,0.9596218299358327,1.280690385795464,0.16891443101514528,0.14274077556271908,0.7100129619420111,0.14724626249526987,0.0
0.9717164138697807,0.970483732626913,4.716254366708502,4.8765720098421905,4.746685174161285,1.6359527913893945,5.774463977415964,0.011870628027356596,0.9116032141781116,1.0086045844330922,0.11853571287384271,0.7131273880398626,0.0,0.2868726119601374,1.0
0.9725876502191958,0.9086392034968266,4.033390900538927,4.592525497334147,5.034255267487961,1.3476168027128457,4.238057606666517,0.014538376321656693,0.9803662465384694,1.039147959423834,0.17199472596268722,0.08488354007405613,0.172717672605848,0.7423987873200958,0.0
0.969304263596083,0.9781058733188124,7.035027202101875,2.4041503763355507,3.570342003744754,1.1613349235395152,6.059918559947722,0.009555675012840832,0.9347839401176655,0.7023078801757137,0.08943643560463801,0.0,0.20592540671072276,0.7940745932892772,0.0
0.9834296310065098,0.9222715263820419,2.565873197185838,2.8370764317654555,5.930275015855884,0.620799483945562,2.270823593972156,0.00988530505845966,0.954910193976677,0.9490756055072882,0.3106553861087962,0.0,0.45449925971453836,0.5455007402854617,0.0
0.9890462736341415,0.8847409023518665,1.6907580716154178,6.435485543731083,3.4810681349055406,1.8161759834794355,6.0854950506582295,0.011384535869182782,0.9555652666154617,1.0141376389055705,0.0888190607533413,0.445856288592467,0.0,0.554143711407533,1.0
0.9681418183906598,0.9200335904772573,3.7187713009311913,5.899083188536532,4.732632589660416,1.9091373616877538,6.903822321695802,0.015308887178374033,0.9646955290280951,0.9746122566133597,0.08705580738755808,0.054128058247724015,0.9458719417522761,0.0,1.0
0.9644956349421248,0.9052473612902636,2.4245932444604383,1.9549447901317771,6.9139016426682405,1.6284515318908122,7.178294746276274,0.012075824884346317,0.9510721851131487,0.8444787957036242,0.2218766444741625,0.6292827930181544,0.30208651724463087,0.06863068973721481,1.0
0.9671418686654267,0.9477816541750058,5.661027462613271,4.017723969405511,4.2176610567817825,0.7837301039867139,2.1977999149639142,0.009626291870148464,0.9661237767947033,1.0659447550693049,0.11775612501623137,0.0,0.6536313105958891,0.3463686894041109,0.0
0.9745935610803312,0.9479565166191294,3.706166595197713,2.2840712074235263,5.280613010974629,1.7560489490797546,5.082663439163322,0.012067145485536517,0.9456706659144141,1.0947511917891732,0.21172155369993795,0.0,0.0,1.0,0.0
0.9836898872275743,0.8896317933976396,5.908903792521905,2.5916316891159736,5.347298875426107,1.366715450213807,2.309840054857702,0.010619944418281313,0.9258364760864345,0.7806276907979569,0.17798602253411966,0.6692680967024595,0.0,0.33073190329754054,1.0
0.9568597714903149,0.9671189213747484,4.190398871635251,2.8621925344408408,4.7651431590820295,1.8083655238431202,3.3335798486609063,0.016538793648082355,0.8829232237413077,0.8659289721787713,0.0960868648231932,0.4121478371428371,0.45192472955315055,0.13592743330401247,1.0
0.9736561089957197,0.9776435041333479,2.8814644977118085,1.5676095031258837,5.760218630340061,1.71573022321339,2.674319381338662,0.008259109719740917,0.9367878982677799,0.8037015708418558,0.2750794818726892,0.0,0.7546859058992266,0.24531409410077334,0.0
0.9548231674848457,0.9800831027106303,1.7468985203402394,5.914110890034015,6.940969224492098,1.3005145494236197,3.9318532265516803,0.009500934279430724,0.9492886752264095,0.8519485471318585,0.23022265614071338,0.07775483624795958,0.9222451637520405,0.0,1.0
0.9658223140962892,0.9185831457244873,3.517850921070136,4.004263427773022,6.069055011131714,1.0801573415642474,5.870438990377983,0.014667678062827027,0.969617231258868,1.0862608741014868,0.1774590051926364,0.7009813240591103,0.27013711751407804,0.028881558426811758,1.0
0.9597502075681792,0.9494038417036487,6.9163957695782665,3.385173816548104,4.333057972556985,0.9652846991188715,4.282567145045727,0.01621182960924075,0.963358399283647,0.8682591692908079,0.10382445747780499,0.1845957913783674,0.6098486065641495,0.20555560205748305,1.0
0.9647946085775504,0.8895667490179058,2.374254135279452,4.725064825555081,5.055146221759104,1.358343493680032,4.168736593607437,0.009907549898299636,0.9730579229231456,1.0881425315377609,0.10837839520323626,0.3625003225613287,0.6374996774386713,0.0,1.0
0.9609488183297232,0.9473779986133498,3.101793643031969,2.657579440415275,4.140271957710589,1.8889766165044233,6.966375482681388,0.012649144682113072,0.9351346760353845,1.3702664385684766,0.07995840847333711,0.5773659815892782,0.0,0.42263401841072173,1.0
0.9764123786382203,0.9253988543034947,5.602161435303424,3.2163753979738443,5.6236960850232345,1.3425897426831013,5.958382650437919,0.012891420334357737,0.9445019363529737,1.0200589230369501,0.179932866634518,0.14999246357160487,0.0,0.8500075364283951,1.0
0.97696612182822,0.9563870583791174,2.7170551559673166,3.393641653438303,5.048583746046302,1.5574963573850977,4.044813719949775,0.00976007589845411,0.9025644486634801,0.7443999854444526,0.17002660033213304,0.10616340155574848,0.8938365984442515,0.0,1.0
0.9738224656444273,0.9245079284374011,2.4630606295570194,5.939218282335803,4.887538948107767,1.2316937929070786,4.772521918693759,0.009933151360157495,0.9779793293880253,1.031177446629067,0.16773326358707982,0.02566637235317705,0.9743336276468229,0.0,1.0
0.9748572903154912,0.9835022959124267,2.088510494776314,2.702340034108782,6.6481271603001515,1.183010341704564,5.099057440010824,0.010734741564154472,0.9591829057792512,0.8115588478063379,0.34101998151909785,0.0,0.6374842930751157,0.36251570692488433,0.0
0.9716281732827344,0.9623191462101434,3.0403651664570726,9.11096690333225,4.423501875097843,0.8061420676136231,5.283798666217293,0.009291665026202395,0.9354868642383093,1.1377573365976947,0.08011640831403402,0.4827715517057711,0.15880002094327572,0.3584284273509531,1.0
0.968288759949444,0.9670765359391486,1.0899392428806565,2.2690067044972397,4.661392425586902,1.7849855755829291,3.267484673335433,0.014987334921820712,0.9375166733670517,0.7674107135003652,0.2115130613742459,0.6169942625677447,0.38300573743225524,0.0,0.0
0.9567129020896216,0.9335243325865471,4.571698971687997,1.6382857535322906,6.922669815971222,1.4149686132514132,5.182535713153543,0.014146239111971161,0.9408295693819813,0.6288296319730132,0.2198753212108763,0.531612669621138,0.4114176538841468,0.056969676494715224,1.0
0.9680788190587677,0.9779869970399464,1.9264188007391039,7.412860362895831,5.798339625368666,1.6988961144217969,4.823197646298468,0.016220389031293553,0.9191183919765583,0.9485179985245216,0.15480586946878197,0.3444589806669997,0.0,0.6555410193330002,1.0
0.9662047768128939,0.945435529242654,4.631427781838185,3.68170857203127,4.8758944218999325,1.684324038574989,4.501754981765336,0.007858209680306587,0.9490745578618853,1.036203175458794,0.12678960365108685,0.08257807588826925,0.9174219241117307,0.0,1.0
0.9677083205670806,0.9523238821222246,3.7643703318002704,6.894473287201146,4.611153619701261,1.4997863232350308,1.6986529764026703,0.013844425722405601,0.9509455924288023,0.8925094087820369,0.0993292319529209,0.39204241715525817,0.3937141471702948,0.21424343567444712,1.0
0.9718272140171,0.9588933669521511,5.947188468531466,6.66494979547481,4.970774443665756,0.581349433087917,6.669481029092873,0.010298375488677363,0.9291117187848607,1.3088410804136554,0.09791011086932049,0.635980087333588,0.2337948900494954,0.13022502261691649,1.0
0.9824992640263899,0.94346416105031,4.946109058891194,7.401086047981422,4.251162443922507,1.6629554438322938,5.301666951375179,0.013093839127246373,0.9471493790758189,1.1682264328158325,0.11242935010160768,0.2484303691084594,0.0,0.7515696308915406,1.0
0.9747539933958347,0.912252900145593,2.3424764242552274,2.628644171602848,4.919116877131762,0.826959299847136,4.41593965587967,0.011270412226947791,0.9596060074939476,0.9757592693043644,0.19353936512025838,0.04239297279057864,0.9576070272094213,0.0,1.0
0.9601820351510943,0.9571535736260414,5.813353756961808,3.2469746712757104,5.257744321704996,1.1239911977177215,7.604797399185649,0.0119526961087347,0.9606275960213052,0.9926710437262276,0.13520194028211188,0.0,0.9433593194030122,0.056640680596987784,0.0
0.9630349269008431,0.9743455198715563,2.7715293920125967,3.1114050773828223,4.8356471201556115,1.5622158064494331,6.551778723194584,0.009357616266171561,0.9423994691480367,0.7353750557320342,0.16385946090215164,0.3354918816088489,0.6645081183911511,0.0,1.0
0.9764945348226493,0.942721053799209,4.917320845184361,6.559387456287993,5.158855280263728,1.08363012650836,4.064658805361015,0.009770453802182399,0.9580075924459452,0.924660829363047,0.1493670433026735,0.3813311449436156,0.0,0.6186688550563844,1.0
0.9719080741392777,0.9825603468243443,4.978092486102964,3.970045155719129,5.160746532154668,0.9604559019460737,3.9620136052884534,0.011698632495526096,0.886193767514087,0.8210380257296974,0.18799412440091717,0.3023679284969456,0.0,0.6976320715030544,1.0
0.9564511789455551,0.929611124707055,2.713944528374447,3.027272242634824,3.3993212469694924,1.0277959780100372,4.29186301119613,0.014011170348634885,0.9623336993242222,0.9542444019186302,0.06052685934611611,0.44744351665791476,0.5525564833420853,0.0,1.0
0.9601344736851447,0.9270276356526725,2.084617342007363,1.9468841921953348,5.438620944194797,1.2060426201288545,5.6291681838408545,0.011440873999281028,0.9412007173468049,1.3134325083216392,0.15772472202055288,0.7628767215794628,0.18965320793446272,0.04747007048607442,1.0
0.9784621788547937,0.8953890975166847,3.6008838016492444,3.3604379089854177,3.675967783276817,1.2905246300696869,3.478196105223461,0.007717133072977669,0.9491577251486785,0.9008995897363345,0.09106366290677888,0.4446969055438756,0.0,0.5553030944561245,1.0
0.9581399504576122,0.9678897142120633,3.633379104385015,3.818027223982215,5.807137010490087,1.014341676166076,5.261584745981317,0.013684672696876538,0.9573139131143877,0.8496597239475248,0.19049011091936494,0.43082330871677355,0.5691766912832266,0.0,1.0
0.9764793870079891,0.9241401271929527,2.485344455665784,1.398775851412381,4.3851066858524925,1.4921473851947975,3.8072925108974984,0.011744638253476807,0.9544525365221833,0.9528721104284769,0.17771468652496086,0.0,0.4175802410194509,0.5824197589805491,0.0
